[browser] Uncaught Error: Hydration failed because the server rendered text didn't match the client. As a result this tree will be regenerated on the client. This can happen if a SSR-ed Client Component used:

- A server/client branch `if (typeof window !== 'undefined')`.
- Variable input such as `Date.now()` or `Math.random()` which changes each time it's called.
- Date formatting in a user's locale which doesn't match the server.
- External changing data without sending a snapshot of it along with the HTML.
- Invalid HTML tag nesting.

It can also happen if the client has a browser extension installed which messes with the HTML before React loaded.

https://react.dev/link/hydration-mismatch

  ...
    <RedirectErrorBoundary router={{...}}>
      <InnerLayoutRouter url="/check-in" tree={[...]} params={{}} cacheNode={{rsc:{...}, ...}} segmentPath={[...]} ...>
        <SegmentViewNode type="page" pagePath="check-in/p...">
          <SegmentTrieNode>
          <ClientPageRoot Component={function CheckInPage} serverProvidedParams={{...}}>
            <CheckInPage params={Promise} searchParams={Promise}>
              <main className="min-h-scre...">
                <header>
                <div className="mx-auto ma...">
                  <div>
                  <div className="mx-auto gr...">
                    <Card>
                    <Card className="overflow-h...">
                      <div className="rounded-xl...">
                        <div>
                        <CardHeader className="items-cent...">
                          <div className="flex flex-...">
                            <div>
                            <CardTitle>
                            <CardDescription>
                              <p className="text-sm text-muted-foreground">
+                               01:59:13 น.
-                               01:59:12 น.
                        ...
                    ...
        ...
      ...

    at <unknown> (https://react.dev/link/hydration-mismatch)
    at p (<anonymous>)
    at CardDescription (components/ui/card.tsx:14:10)
    at CheckInPage (app/check-in/page.tsx:272:15)
  12 | }
  13 | export function CardDescription({ className, ...props }: React.HTMLAttributes<HTMLParagrap...
> 14 |   return <p className={cn("text-sm text-muted-foreground", className)} {...props} />;
     |          ^
  15 | }
  16 | export function CardContent({ className, ...props }: React.HTMLAttributes<HTMLDivElement>) {
  17 |   return <div className={cn("p-6 pt-0", className)} {...props} />;
[browser] Detected `scroll-behavior: smooth` on the `<html>` element. To disable smooth scrolling during route transitions, add `data-scroll-behavior="smooth"` to your <html> element. Learn more: https://nextjs.org/docs/messages/missing-data-scroll-behavior
[browser] Detected `scroll-behavior: smooth` on the `<html>` element. To disable smooth scrolling during route transitions, add `data-scroll-behavior="smooth"` to your <html> element. Learn more: https://nextjs.org/docs/messages/missing-data-scroll-behavior
[browser] Detected `scroll-behavior: smooth` on the `<html>` element. To disable smooth scrolling during route transitions, add `data-scroll-behavior="smooth"` to your <html> element. Learn more: https://nextjs.org/docs/messages/missing-data-scroll-behavior
[browser] Detected `scroll-behavior: smooth` on the `<html>` element. To disable smooth scrolling during route transitions, add `data-scroll-behavior="smooth"` to your <html> element. Learn more: https://nextjs.org/docs/messages/missing-data-scroll-behavior
[browser] Detected `scroll-behavior: smooth` on the `<html>` element. To disable smooth scrolling during route transitions, add `data-scroll-behavior="smooth"` to your <html> element. Learn more: https://nextjs.org/docs/messages/missing-data-scroll-behavior
[browser] Detected `scroll-behavior: smooth` on the `<html>` element. To disable smooth scrolling during route transitions, add `data-scroll-behavior="smooth"` to your <html> element. Learn more: https://nextjs.org/docs/messages/missing-data-scroll-behavior
[browser] Detected `scroll-behavior: smooth` on the `<html>` element. To disable smooth scrolling during route transitions, add `data-scroll-behavior="smooth"` to your <html> element. Learn more: https://nextjs.org/docs/messages/missing-data-scroll-behavior
[browser] Detected `scroll-behavior: smooth` on the `<html>` element. To disable smooth scrolling during route transitions, add `data-scroll-behavior="smooth"` to your <html> element. Learn more: https://nextjs.org/docs/messages/missing-data-scroll-behavior
[browser] Detected `scroll-behavior: smooth` on the `<html>` element. To disable smooth scrolling during route transitions, add `data-scroll-behavior="smooth"` to your <html> element. Learn more: https://nextjs.org/docs/messages/missing-data-scroll-behavior
[browser] Uncaught Error: Hydration failed because the server rendered text didn't match the client. As a result this tree will be regenerated on the client. This can happen if a SSR-ed Client Component used:

- A server/client branch `if (typeof window !== 'undefined')`.
- Variable input such as `Date.now()` or `Math.random()` which changes each time it's called.
- Date formatting in a user's locale which doesn't match the server.
- External changing data without sending a snapshot of it along with the HTML.
- Invalid HTML tag nesting.

It can also happen if the client has a browser extension installed which messes with the HTML before React loaded.

https://react.dev/link/hydration-mismatch

  ...
    <RedirectErrorBoundary router={{...}}>
      <InnerLayoutRouter url="/check-in" tree={[...]} params={{}} cacheNode={{rsc:{...}, ...}} segmentPath={[...]} ...>
        <SegmentViewNode type="page" pagePath="check-in/p...">
          <SegmentTrieNode>
          <ClientPageRoot Component={function CheckInPage} serverProvidedParams={{...}}>
            <CheckInPage params={Promise} searchParams={Promise}>
              <main className="min-h-scre...">
                <header>
                <div className="mx-auto ma...">
                  <div>
                  <div className="mx-auto gr...">
                    <Card>
                    <Card className="overflow-h...">
                      <div className="rounded-2x...">
                        <div>
                        <CardHeader className="items-cent...">
                          <div className="flex flex-...">
                            <div>
                            <CardTitle>
                            <CardDescription>
                              <p className="text-sm leading-6 text-muted-foreground">
+                               02:34:53 น.
-                               02:34:52 น.
                        ...
                    ...
        ...
      ...

    at <unknown> (https://react.dev/link/hydration-mismatch)
    at p (<anonymous>)
    at CardDescription (components/ui/card.tsx:14:10)
    at CheckInPage (app/check-in/page.tsx:271:15)
  12 | }
  13 | export function CardDescription({ className, ...props }: React.HTMLAttributes<HTMLParagrap...
> 14 |   return <p className={cn("text-sm leading-6 text-muted-foreground", className)} {...props...
     |          ^
  15 | }
  16 | export function CardContent({ className, ...props }: React.HTMLAttributes<HTMLDivElement>) {
  17 |   return <div className={cn("p-5 pt-0 sm:p-6 sm:pt-0", className)} {...props} />;
⚠ Blocked cross-origin request to Next.js dev resource /_next/webpack-hmr from "192.168.1.135".
Cross-origin access to Next.js dev resources is blocked by default for safety.

To allow this host in development, add it to "allowedDevOrigins" in next.config.js and restart the dev server:

// next.config.js
module.exports = {
  allowedDevOrigins: ['192.168.1.135'],
}

Read more: https://nextjs.org/docs/app/api-reference/config/next-config-js/allowedDevOrigins
[browser] Detected `scroll-behavior: smooth` on the `<html>` element. To disable smooth scrolling during route transitions, add `data-scroll-behavior="smooth"` to your <html> element. Learn more: https://nextjs.org/docs/messages/missing-data-scroll-behavior
[browser] Detected `scroll-behavior: smooth` on the `<html>` element. To disable smooth scrolling during route transitions, add `data-scroll-behavior="smooth"` to your <html> element. Learn more: https://nextjs.org/docs/messages/missing-data-scroll-behavior
⨯ ./lib/api.ts:1:104
Expected ';', '}' or <eof>
[31m[1m>[0m [90m1 |[0m ...[32mRL) return process.env.NEXT_PUBLIC_API_URL;`[0mn  [36mif[0m ([36mtypeof[0m window !== [32m"undefined"[0m) [36mreturn[0m.[32m..[0m
  [90m  |[0m                                                [31m[1m^[0m
  [90m2 |[0m ...
  [90m3 |[0m ...
  [90m4 |[0m ...[36mc[0m data?: unknown) {

Parsing ecmascript source code failed

Import traces:
  Client Component Browser:
    ./lib/api.ts [Client Component Browser]
    ./app/login/page.tsx [Client Component Browser]
    ./app/login/page.tsx [Server Component]

  Client Component SSR:
    ./lib/api.ts [Client Component SSR]
    ./app/login/page.tsx [Client Component SSR]
    ./app/login/page.tsx [Server Component]


⨯ ./lib/api.ts:1:104
Expected ';', '}' or <eof>
[31m[1m>[0m [90m1 |[0m ...[32mRL) return process.env.NEXT_PUBLIC_API_URL;`[0mn  [36mif[0m ([36mtypeof[0m window !== [32m"undefined"[0m) [36mreturn[0m.[32m..[0m
  [90m  |[0m                                                [31m[1m^[0m
  [90m2 |[0m ...
  [90m3 |[0m ...
  [90m4 |[0m ...[36mc[0m data?: unknown) {

Parsing ecmascript source code failed

Import traces:
  #1 [Client Component Browser]:
    ./lib/api.ts [Client Component Browser]
    ./app/(protected)/student-accounts/page.tsx [Client Component Browser]
    ./app/(protected)/student-accounts/page.tsx [Server Component]

  #2 [Client Component SSR]:
    ./lib/api.ts [Client Component SSR]
    ./app/(protected)/student-accounts/page.tsx [Client Component SSR]
    ./app/(protected)/student-accounts/page.tsx [Server Component]

  #3 [Client Component Browser]:
    ./lib/api.ts [Client Component Browser]
    ./components/app-shell.tsx [Client Component Browser]
    ./components/app-shell.tsx [Server Component]
    ./app/(protected)/layout.tsx [Server Component]

  #4 [Client Component SSR]:
    ./lib/api.ts [Client Component SSR]
    ./components/app-shell.tsx [Client Component SSR]
    ./components/app-shell.tsx [Server Component]
    ./app/(protected)/layout.tsx [Server Component]


[browser] ./lib/api.ts:1:104
Expected ';', '}' or <eof>
> 1 | ...RL) return process.env.NEXT_PUBLIC_API_URL;`n  if (typeof window !== "undefined") return...
    |                                                ^
  2 | ...
  3 | ...
  4 | ...c data?: unknown) {

Parsing ecmascript source code failed

Import traces:
  Client Component Browser:
    ./lib/api.ts [Client Component Browser]
    ./app/login/page.tsx [Client Component Browser]
    ./app/login/page.tsx [Server Component]

  Client Component SSR:
    ./lib/api.ts [Client Component SSR]
    ./app/login/page.tsx [Client Component SSR]
    ./app/login/page.tsx [Server Component] 
[browser] ./lib/api.ts:1:104
Expected ';', '}' or <eof>
> 1 | ...RL) return process.env.NEXT_PUBLIC_API_URL;`n  if (typeof window !== "undefined") return...
    |                                                ^
  2 | ...
  3 | ...
  4 | ...c data?: unknown) {

Parsing ecmascript source code failed

Import traces:
  Client Component Browser:
    ./lib/api.ts [Client Component Browser]
    ./app/login/page.tsx [Client Component Browser]
    ./app/login/page.tsx [Server Component]

  Client Component SSR:
    ./lib/api.ts [Client Component SSR]
    ./app/login/page.tsx [Client Component SSR]
    ./app/login/page.tsx [Server Component] 
[browser] ./lib/api.ts:1:104
Expected ';', '}' or <eof>
> 1 | ...RL) return process.env.NEXT_PUBLIC_API_URL;`n  if (typeof window !== "undefined") return...
    |                                                ^
  2 | ...
  3 | ...
  4 | ...c data?: unknown) {

Parsing ecmascript source code failed

Import traces:
  Client Component Browser:
    ./lib/api.ts [Client Component Browser]
    ./app/login/page.tsx [Client Component Browser]
    ./app/login/page.tsx [Server Component]

  Client Component SSR:
    ./lib/api.ts [Client Component SSR]
    ./app/login/page.tsx [Client Component SSR]
    ./app/login/page.tsx [Server Component] 
[browser] ./lib/api.ts:1:104
Expected ';', '}' or <eof>
> 1 | ...RL) return process.env.NEXT_PUBLIC_API_URL;`n  if (typeof window !== "undefined") return...
    |                                                ^
  2 | ...
  3 | ...
  4 | ...c data?: unknown) {

Parsing ecmascript source code failed

Import traces:
  Client Component Browser:
    ./lib/api.ts [Client Component Browser]
    ./app/login/page.tsx [Client Component Browser]
    ./app/login/page.tsx [Server Component]

  Client Component SSR:
    ./lib/api.ts [Client Component SSR]
    ./app/login/page.tsx [Client Component SSR]
    ./app/login/page.tsx [Server Component] 
[browser] ./lib/api.ts:1:104
Expected ';', '}' or <eof>
> 1 | ...RL) return process.env.NEXT_PUBLIC_API_URL;`n  if (typeof window !== "undefined") return...
    |                                                ^
  2 | ...
  3 | ...
  4 | ...c data?: unknown) {

Parsing ecmascript source code failed

Import traces:
  Client Component Browser:
    ./lib/api.ts [Client Component Browser]
    ./app/login/page.tsx [Client Component Browser]
    ./app/login/page.tsx [Server Component]

  Client Component SSR:
    ./lib/api.ts [Client Component SSR]
    ./app/login/page.tsx [Client Component SSR]
    ./app/login/page.tsx [Server Component] 
⨯ ./lib/api.ts:1:104
Expected ';', '}' or <eof>
[31m[1m>[0m [90m1 |[0m ...[32mRL) return process.env.NEXT_PUBLIC_API_URL;`[0mn  [36mif[0m ([36mtypeof[0m window !== [32m"undefined"[0m) [36mreturn[0m.[32m..[0m
  [90m  |[0m                                                [31m[1m^[0m
  [90m2 |[0m ...
  [90m3 |[0m ...
  [90m4 |[0m ...[36mc[0m data?: unknown) {

Parsing ecmascript source code failed

Import traces:
  #1 [Client Component Browser]:
    ./lib/api.ts [Client Component Browser]
    ./app/(protected)/student-accounts/page.tsx [Client Component Browser]
    ./app/(protected)/student-accounts/page.tsx [Server Component]

  #2 [Client Component SSR]:
    ./lib/api.ts [Client Component SSR]
    ./app/(protected)/student-accounts/page.tsx [Client Component SSR]
    ./app/(protected)/student-accounts/page.tsx [Server Component]

  #3 [Client Component Browser]:
    ./lib/api.ts [Client Component Browser]
    ./components/app-shell.tsx [Client Component Browser]
    ./components/app-shell.tsx [Server Component]
    ./app/(protected)/layout.tsx [Server Component]

  #4 [Client Component SSR]:
    ./lib/api.ts [Client Component SSR]
    ./components/app-shell.tsx [Client Component SSR]
    ./components/app-shell.tsx [Server Component]
    ./app/(protected)/layout.tsx [Server Component]


⨯ ./lib/api.ts:1:104
Expected ';', '}' or <eof>
[31m[1m>[0m [90m1 |[0m ...[32mRL) return process.env.NEXT_PUBLIC_API_URL;`[0mn  [36mif[0m ([36mtypeof[0m window !== [32m"undefined"[0m) [36mreturn[0m.[32m..[0m
  [90m  |[0m                                                [31m[1m^[0m
  [90m2 |[0m ...
  [90m3 |[0m ...
  [90m4 |[0m ...[36mc[0m data?: unknown) {

Parsing ecmascript source code failed

Import traces:
  Client Component Browser:
    ./lib/api.ts [Client Component Browser]
    ./app/login/page.tsx [Client Component Browser]
    ./app/login/page.tsx [Server Component]

  Client Component SSR:
    ./lib/api.ts [Client Component SSR]
    ./app/login/page.tsx [Client Component SSR]
    ./app/login/page.tsx [Server Component]


⨯ ./lib/api.ts:1:104
Expected ';', '}' or <eof>
[31m[1m>[0m [90m1 |[0m ...[32mRL) return process.env.NEXT_PUBLIC_API_URL;`[0mn  [36mif[0m ([36mtypeof[0m window !== [32m"undefined"[0m) [36mreturn[0m.[32m..[0m
  [90m  |[0m                                                [31m[1m^[0m
  [90m2 |[0m ...
  [90m3 |[0m ...
  [90m4 |[0m ...[36mc[0m data?: unknown) {

Parsing ecmascript source code failed

Import traces:
  Client Component Browser:
    ./lib/api.ts [Client Component Browser]
    ./app/login/page.tsx [Client Component Browser]
    ./app/login/page.tsx [Server Component]

  Client Component SSR:
    ./lib/api.ts [Client Component SSR]
    ./app/login/page.tsx [Client Component SSR]
    ./app/login/page.tsx [Server Component]


⨯ ./lib/api.ts:1:104
Expected ';', '}' or <eof>
[31m[1m>[0m [90m1 |[0m ...[32mRL) return process.env.NEXT_PUBLIC_API_URL;`[0mn  [36mif[0m ([36mtypeof[0m window !== [32m"undefined"[0m) [36mreturn[0m.[32m..[0m
  [90m  |[0m                                                [31m[1m^[0m
  [90m2 |[0m ...
  [90m3 |[0m ...
  [90m4 |[0m ...[36mc[0m data?: unknown) {

Parsing ecmascript source code failed

Import traces:
  #1 [Client Component Browser]:
    ./lib/api.ts [Client Component Browser]
    ./app/(protected)/student-accounts/page.tsx [Client Component Browser]
    ./app/(protected)/student-accounts/page.tsx [Server Component]

  #2 [Client Component SSR]:
    ./lib/api.ts [Client Component SSR]
    ./app/(protected)/student-accounts/page.tsx [Client Component SSR]
    ./app/(protected)/student-accounts/page.tsx [Server Component]

  #3 [Client Component Browser]:
    ./lib/api.ts [Client Component Browser]
    ./components/app-shell.tsx [Client Component Browser]
    ./components/app-shell.tsx [Server Component]
    ./app/(protected)/layout.tsx [Server Component]

  #4 [Client Component SSR]:
    ./lib/api.ts [Client Component SSR]
    ./components/app-shell.tsx [Client Component SSR]
    ./components/app-shell.tsx [Server Component]
    ./app/(protected)/layout.tsx [Server Component]


⨯ ./lib/api.ts:1:104
Expected ';', '}' or <eof>
[31m[1m>[0m [90m1 |[0m ...[32mRL) return process.env.NEXT_PUBLIC_API_URL;`[0mn  [36mif[0m ([36mtypeof[0m window !== [32m"undefined"[0m) [36mreturn[0m.[32m..[0m
  [90m  |[0m                                                [31m[1m^[0m
  [90m2 |[0m ...
  [90m3 |[0m ...
  [90m4 |[0m ...[36mc[0m data?: unknown) {

Parsing ecmascript source code failed

Import traces:
  #1 [Client Component Browser]:
    ./lib/api.ts [Client Component Browser]
    ./app/(protected)/student-accounts/page.tsx [Client Component Browser]
    ./app/(protected)/student-accounts/page.tsx [Server Component]

  #2 [Client Component SSR]:
    ./lib/api.ts [Client Component SSR]
    ./app/(protected)/student-accounts/page.tsx [Client Component SSR]
    ./app/(protected)/student-accounts/page.tsx [Server Component]

  #3 [Client Component Browser]:
    ./lib/api.ts [Client Component Browser]
    ./components/app-shell.tsx [Client Component Browser]
    ./components/app-shell.tsx [Server Component]
    ./app/(protected)/layout.tsx [Server Component]

  #4 [Client Component SSR]:
    ./lib/api.ts [Client Component SSR]
    ./components/app-shell.tsx [Client Component SSR]
    ./components/app-shell.tsx [Server Component]
    ./app/(protected)/layout.tsx [Server Component]


[browser] Uncaught Error: ./lib/api.ts:1:104
Expected ';', '}' or <eof>
> 1 | ...RL) return process.env.NEXT_PUBLIC_API_URL;`n  if (typeof window !== "undefined") return...
    |                                                ^
  2 | ...
  3 | ...
  4 | ...c data?: unknown) {

Parsing ecmascript source code failed

Import traces:
  Client Component Browser:
    ./lib/api.ts [Client Component Browser]
    ./app/login/page.tsx [Client Component Browser]
    ./app/login/page.tsx [Server Component]

  Client Component SSR:
    ./lib/api.ts [Client Component SSR]
    ./app/login/page.tsx [Client Component SSR]
    ./app/login/page.tsx [Server Component]


    at <unknown> (Error: ./lib/api.ts:1:104)
    at <unknown> (Error: (./lib/api.ts:1:104)
[browser] ./lib/api.ts:1:104
Expected ';', '}' or <eof>
> 1 | ...RL) return process.env.NEXT_PUBLIC_API_URL;`n  if (typeof window !== "undefined") return...
    |                                                ^
  2 | ...
  3 | ...
  4 | ...c data?: unknown) {

Parsing ecmascript source code failed

Import traces:
  Client Component Browser:
    ./lib/api.ts [Client Component Browser]
    ./app/login/page.tsx [Client Component Browser]
    ./app/login/page.tsx [Server Component]

  Client Component SSR:
    ./lib/api.ts [Client Component SSR]
    ./app/login/page.tsx [Client Component SSR]
    ./app/login/page.tsx [Server Component] 
[browser] ./lib/api.ts:1:104
Expected ';', '}' or <eof>
> 1 | ...RL) return process.env.NEXT_PUBLIC_API_URL;`n  if (typeof window !== "undefined") return...
    |                                                ^
  2 | ...
  3 | ...
  4 | ...c data?: unknown) {

Parsing ecmascript source code failed

Import traces:
  #1 [Client Component Browser]:
    ./lib/api.ts [Client Component Browser]
    ./app/(protected)/dashboard/page.tsx [Client Component Browser]
    ./app/(protected)/dashboard/page.tsx [Server Component]

  #2 [Client Component SSR]:
    ./lib/api.ts [Client Component SSR]
    ./app/(protected)/dashboard/page.tsx [Client Component SSR]
    ./app/(protected)/dashboard/page.tsx [Server Component]

  #3 [Client Component Browser]:
    ./lib/api.ts [Client Component Browser]
    ./components/app-shell.tsx [Client Component Browser]
    ./components/app-shell.tsx [Server Component]
    ./app/(protected)/layout.tsx [Server Component]

  #4 [Client Component SSR]:
    ./lib/api.ts [Client Component SSR]
    ./components/app-shell.tsx [Client Component SSR]
    ./components/app-shell.tsx [Server Component]
    ./app/(protected)/layout.tsx [Server Component] 
[browser] ./lib/api.ts:1:104
Expected ';', '}' or <eof>
> 1 | ...RL) return process.env.NEXT_PUBLIC_API_URL;`n  if (typeof window !== "undefined") return...
    |                                                ^
  2 | ...
  3 | ...
  4 | ...c data?: unknown) {

Parsing ecmascript source code failed

Import traces:
  #1 [Client Component Browser]:
    ./lib/api.ts [Client Component Browser]
    ./app/(protected)/students/page.tsx [Client Component Browser]
    ./app/(protected)/students/page.tsx [Server Component]

  #2 [Client Component SSR]:
    ./lib/api.ts [Client Component SSR]
    ./app/(protected)/students/page.tsx [Client Component SSR]
    ./app/(protected)/students/page.tsx [Server Component]

  #3 [Client Component Browser]:
    ./lib/api.ts [Client Component Browser]
    ./components/app-shell.tsx [Client Component Browser]
    ./components/app-shell.tsx [Server Component]
    ./app/(protected)/layout.tsx [Server Component]

  #4 [Client Component SSR]:
    ./lib/api.ts [Client Component SSR]
    ./components/app-shell.tsx [Client Component SSR]
    ./components/app-shell.tsx [Server Component]
    ./app/(protected)/layout.tsx [Server Component] 
[browser] ./lib/api.ts:1:104
Expected ';', '}' or <eof>
> 1 | ...RL) return process.env.NEXT_PUBLIC_API_URL;`n  if (typeof window !== "undefined") return...
    |                                                ^
  2 | ...
  3 | ...
  4 | ...c data?: unknown) {

Parsing ecmascript source code failed

Import traces:
  #1 [Client Component Browser]:
    ./lib/api.ts [Client Component Browser]
    ./app/(protected)/student-accounts/page.tsx [Client Component Browser]
    ./app/(protected)/student-accounts/page.tsx [Server Component]

  #2 [Client Component SSR]:
    ./lib/api.ts [Client Component SSR]
    ./app/(protected)/student-accounts/page.tsx [Client Component SSR]
    ./app/(protected)/student-accounts/page.tsx [Server Component]

  #3 [Client Component Browser]:
    ./lib/api.ts [Client Component Browser]
    ./components/app-shell.tsx [Client Component Browser]
    ./components/app-shell.tsx [Server Component]
    ./app/(protected)/layout.tsx [Server Component]

  #4 [Client Component SSR]:
    ./lib/api.ts [Client Component SSR]
    ./components/app-shell.tsx [Client Component SSR]
    ./components/app-shell.tsx [Server Component]
    ./app/(protected)/layout.tsx [Server Component] 
[browser] ./lib/api.ts:1:104
Expected ';', '}' or <eof>
> 1 | ...RL) return process.env.NEXT_PUBLIC_API_URL;`n  if (typeof window !== "undefined") return...
    |                                                ^
  2 | ...
  3 | ...
  4 | ...c data?: unknown) {

Parsing ecmascript source code failed

Import traces:
  Client Component Browser:
    ./lib/api.ts [Client Component Browser]
    ./app/check-in/page.tsx [Client Component Browser]
    ./app/check-in/page.tsx [Server Component]

  Client Component SSR:
    ./lib/api.ts [Client Component SSR]
    ./app/check-in/page.tsx [Client Component SSR]
    ./app/check-in/page.tsx [Server Component] 
[browser] ./lib/api.ts:1:104
Expected ';', '}' or <eof>
> 1 | ...RL) return process.env.NEXT_PUBLIC_API_URL;`n  if (typeof window !== "undefined") return...
    |                                                ^
  2 | ...
  3 | ...
  4 | ...c data?: unknown) {

Parsing ecmascript source code failed

Import traces:
  #1 [Client Component Browser]:
    ./lib/api.ts [Client Component Browser]
    ./app/(protected)/attendance/page.tsx [Client Component Browser]
    ./app/(protected)/attendance/page.tsx [Server Component]

  #2 [Client Component SSR]:
    ./lib/api.ts [Client Component SSR]
    ./app/(protected)/attendance/page.tsx [Client Component SSR]
    ./app/(protected)/attendance/page.tsx [Server Component]

  #3 [Client Component Browser]:
    ./lib/api.ts [Client Component Browser]
    ./components/app-shell.tsx [Client Component Browser]
    ./components/app-shell.tsx [Server Component]
    ./app/(protected)/layout.tsx [Server Component]

  #4 [Client Component SSR]:
    ./lib/api.ts [Client Component SSR]
    ./components/app-shell.tsx [Client Component SSR]
    ./components/app-shell.tsx [Server Component]
    ./app/(protected)/layout.tsx [Server Component] 
[browser] ./lib/api.ts:1:104
Expected ';', '}' or <eof>
> 1 | ...RL) return process.env.NEXT_PUBLIC_API_URL;`n  if (typeof window !== "undefined") return...
    |                                                ^
  2 | ...
  3 | ...
  4 | ...c data?: unknown) {

Parsing ecmascript source code failed

Import traces:
  #1 [Client Component Browser]:
    ./lib/api.ts [Client Component Browser]
    ./app/(protected)/attendance-logs/page.tsx [Client Component Browser]
    ./app/(protected)/attendance-logs/page.tsx [Server Component]

  #2 [Client Component SSR]:
    ./lib/api.ts [Client Component SSR]
    ./app/(protected)/attendance-logs/page.tsx [Client Component SSR]
    ./app/(protected)/attendance-logs/page.tsx [Server Component]

  #3 [Client Component Browser]:
    ./lib/api.ts [Client Component Browser]
    ./components/app-shell.tsx [Client Component Browser]
    ./components/app-shell.tsx [Server Component]
    ./app/(protected)/layout.tsx [Server Component]

  #4 [Client Component SSR]:
    ./lib/api.ts [Client Component SSR]
    ./components/app-shell.tsx [Client Component SSR]
    ./components/app-shell.tsx [Server Component]
    ./app/(protected)/layout.tsx [Server Component] 
[browser] ./lib/api.ts:1:104
Expected ';', '}' or <eof>
> 1 | ...RL) return process.env.NEXT_PUBLIC_API_URL;`n  if (typeof window !== "undefined") return...
    |                                                ^
  2 | ...
  3 | ...
  4 | ...c data?: unknown) {

Parsing ecmascript source code failed

Import traces:
  #1 [Client Component Browser]:
    ./lib/api.ts [Client Component Browser]
    ./app/(protected)/leave-requests/page.tsx [Client Component Browser]
    ./app/(protected)/leave-requests/page.tsx [Server Component]

  #2 [Client Component SSR]:
    ./lib/api.ts [Client Component SSR]
    ./app/(protected)/leave-requests/page.tsx [Client Component SSR]
    ./app/(protected)/leave-requests/page.tsx [Server Component]

  #3 [Client Component Browser]:
    ./lib/api.ts [Client Component Browser]
    ./components/app-shell.tsx [Client Component Browser]
    ./components/app-shell.tsx [Server Component]
    ./app/(protected)/layout.tsx [Server Component]

  #4 [Client Component SSR]:
    ./lib/api.ts [Client Component SSR]
    ./components/app-shell.tsx [Client Component SSR]
    ./components/app-shell.tsx [Server Component]
    ./app/(protected)/layout.tsx [Server Component] 
[browser] ./lib/api.ts:1:104
Expected ';', '}' or <eof>
> 1 | ...RL) return process.env.NEXT_PUBLIC_API_URL;`n  if (typeof window !== "undefined") return...
    |                                                ^
  2 | ...
  3 | ...
  4 | ...c data?: unknown) {

Parsing ecmascript source code failed

Import traces:
  Client Component Browser:
    ./lib/api.ts [Client Component Browser]
    ./app/register/page.tsx [Client Component Browser]
    ./app/register/page.tsx [Server Component]

  Client Component SSR:
    ./lib/api.ts [Client Component SSR]
    ./app/register/page.tsx [Client Component SSR]
    ./app/register/page.tsx [Server Component] 
[browser] Uncaught Error: ./lib/api.ts:1:104
Expected ';', '}' or <eof>
> 1 | ...RL) return process.env.NEXT_PUBLIC_API_URL;`n  if (typeof window !== "undefined") return...
    |                                                ^
  2 | ...
  3 | ...
  4 | ...c data?: unknown) {

Parsing ecmascript source code failed

Import traces:
  Client Component Browser:
    ./lib/api.ts [Client Component Browser]
    ./app/login/page.tsx [Client Component Browser]
    ./app/login/page.tsx [Server Component]

  Client Component SSR:
    ./lib/api.ts [Client Component SSR]
    ./app/login/page.tsx [Client Component SSR]
    ./app/login/page.tsx [Server Component]


    at <unknown> (Error: ./lib/api.ts:1:104)
    at <unknown> (Error: (./lib/api.ts:1:104)
[browser] ./lib/api.ts:1:104
Expected ';', '}' or <eof>
> 1 | ...RL) return process.env.NEXT_PUBLIC_API_URL;`n  if (typeof window !== "undefined") return...
    |                                                ^
  2 | ...
  3 | ...
  4 | ...c data?: unknown) {

Parsing ecmascript source code failed

Import traces:
  Client Component Browser:
    ./lib/api.ts [Client Component Browser]
    ./app/login/page.tsx [Client Component Browser]
    ./app/login/page.tsx [Server Component]

  Client Component SSR:
    ./lib/api.ts [Client Component SSR]
    ./app/login/page.tsx [Client Component SSR]
    ./app/login/page.tsx [Server Component] 
⨯ ./lib/api.ts:1:104
Expected ';', '}' or <eof>
[31m[1m>[0m [90m1 |[0m ...[32mRL) return process.env.NEXT_PUBLIC_API_URL;`[0mn  [36mif[0m ([36mtypeof[0m window !== [32m"undefined"[0m) [36mreturn[0m.[32m..[0m
  [90m  |[0m                                                [31m[1m^[0m
  [90m2 |[0m ...
  [90m3 |[0m ...
  [90m4 |[0m ...[36mc[0m data?: unknown) {

Parsing ecmascript source code failed

Import traces:
  Client Component Browser:
    ./lib/api.ts [Client Component Browser]
    ./app/login/page.tsx [Client Component Browser]
    ./app/login/page.tsx [Server Component]

  Client Component SSR:
    ./lib/api.ts [Client Component SSR]
    ./app/login/page.tsx [Client Component SSR]
    ./app/login/page.tsx [Server Component]


[browser] Uncaught Error: ./lib/api.ts:1:104
Expected ';', '}' or <eof>
> 1 | ...RL) return process.env.NEXT_PUBLIC_API_URL;`n  if (typeof window !== "undefined") return...
    |                                                ^
  2 | ...
  3 | ...
  4 | ...c data?: unknown) {

Parsing ecmascript source code failed

Import traces:
  Client Component Browser:
    ./lib/api.ts [Client Component Browser]
    ./app/login/page.tsx [Client Component Browser]
    ./app/login/page.tsx [Server Component]

  Client Component SSR:
    ./lib/api.ts [Client Component SSR]
    ./app/login/page.tsx [Client Component SSR]
    ./app/login/page.tsx [Server Component]


    at <unknown> (Error: ./lib/api.ts:1:104)
    at <unknown> (Error: (./lib/api.ts:1:104)
[browser] ./lib/api.ts:1:104
Expected ';', '}' or <eof>
> 1 | ...RL) return process.env.NEXT_PUBLIC_API_URL;`n  if (typeof window !== "undefined") return...
    |                                                ^
  2 | ...
  3 | ...
  4 | ...c data?: unknown) {

Parsing ecmascript source code failed

Import traces:
  Client Component Browser:
    ./lib/api.ts [Client Component Browser]
    ./app/login/page.tsx [Client Component Browser]
    ./app/login/page.tsx [Server Component]

  Client Component SSR:
    ./lib/api.ts [Client Component SSR]
    ./app/login/page.tsx [Client Component SSR]
    ./app/login/page.tsx [Server Component] 
[browser] ./lib/api.ts:1:104
Expected ';', '}' or <eof>
> 1 | ...RL) return process.env.NEXT_PUBLIC_API_URL;`n  if (typeof window !== "undefined") return...
    |                                                ^
  2 | ...
  3 | ...
  4 | ...c data?: unknown) {

Parsing ecmascript source code failed

Import traces:
  #1 [Client Component Browser]:
    ./lib/api.ts [Client Component Browser]
    ./app/(protected)/dashboard/page.tsx [Client Component Browser]
    ./app/(protected)/dashboard/page.tsx [Server Component]

  #2 [Client Component SSR]:
    ./lib/api.ts [Client Component SSR]
    ./app/(protected)/dashboard/page.tsx [Client Component SSR]
    ./app/(protected)/dashboard/page.tsx [Server Component]

  #3 [Client Component Browser]:
    ./lib/api.ts [Client Component Browser]
    ./components/app-shell.tsx [Client Component Browser]
    ./components/app-shell.tsx [Server Component]
    ./app/(protected)/layout.tsx [Server Component]

  #4 [Client Component SSR]:
    ./lib/api.ts [Client Component SSR]
    ./components/app-shell.tsx [Client Component SSR]
    ./components/app-shell.tsx [Server Component]
    ./app/(protected)/layout.tsx [Server Component] 
[browser] ./lib/api.ts:1:104
Expected ';', '}' or <eof>
> 1 | ...RL) return process.env.NEXT_PUBLIC_API_URL;`n  if (typeof window !== "undefined") return...
    |                                                ^
  2 | ...
  3 | ...
  4 | ...c data?: unknown) {

Parsing ecmascript source code failed

Import traces:
  #1 [Client Component Browser]:
    ./lib/api.ts [Client Component Browser]
    ./app/(protected)/students/page.tsx [Client Component Browser]
    ./app/(protected)/students/page.tsx [Server Component]

  #2 [Client Component SSR]:
    ./lib/api.ts [Client Component SSR]
    ./app/(protected)/students/page.tsx [Client Component SSR]
    ./app/(protected)/students/page.tsx [Server Component]

  #3 [Client Component Browser]:
    ./lib/api.ts [Client Component Browser]
    ./components/app-shell.tsx [Client Component Browser]
    ./components/app-shell.tsx [Server Component]
    ./app/(protected)/layout.tsx [Server Component]

  #4 [Client Component SSR]:
    ./lib/api.ts [Client Component SSR]
    ./components/app-shell.tsx [Client Component SSR]
    ./components/app-shell.tsx [Server Component]
    ./app/(protected)/layout.tsx [Server Component] 
[browser] ./lib/api.ts:1:104
Expected ';', '}' or <eof>
> 1 | ...RL) return process.env.NEXT_PUBLIC_API_URL;`n  if (typeof window !== "undefined") return...
    |                                                ^
  2 | ...
  3 | ...
  4 | ...c data?: unknown) {

Parsing ecmascript source code failed

Import traces:
  #1 [Client Component Browser]:
    ./lib/api.ts [Client Component Browser]
    ./app/(protected)/student-accounts/page.tsx [Client Component Browser]
    ./app/(protected)/student-accounts/page.tsx [Server Component]

  #2 [Client Component SSR]:
    ./lib/api.ts [Client Component SSR]
    ./app/(protected)/student-accounts/page.tsx [Client Component SSR]
    ./app/(protected)/student-accounts/page.tsx [Server Component]

  #3 [Client Component Browser]:
    ./lib/api.ts [Client Component Browser]
    ./components/app-shell.tsx [Client Component Browser]
    ./components/app-shell.tsx [Server Component]
    ./app/(protected)/layout.tsx [Server Component]

  #4 [Client Component SSR]:
    ./lib/api.ts [Client Component SSR]
    ./components/app-shell.tsx [Client Component SSR]
    ./components/app-shell.tsx [Server Component]
    ./app/(protected)/layout.tsx [Server Component] 
[browser] ./lib/api.ts:1:104
Expected ';', '}' or <eof>
> 1 | ...RL) return process.env.NEXT_PUBLIC_API_URL;`n  if (typeof window !== "undefined") return...
    |                                                ^
  2 | ...
  3 | ...
  4 | ...c data?: unknown) {

Parsing ecmascript source code failed

Import traces:
  Client Component Browser:
    ./lib/api.ts [Client Component Browser]
    ./app/check-in/page.tsx [Client Component Browser]
    ./app/check-in/page.tsx [Server Component]

  Client Component SSR:
    ./lib/api.ts [Client Component SSR]
    ./app/check-in/page.tsx [Client Component SSR]
    ./app/check-in/page.tsx [Server Component] 
[browser] ./lib/api.ts:1:104
Expected ';', '}' or <eof>
> 1 | ...RL) return process.env.NEXT_PUBLIC_API_URL;`n  if (typeof window !== "undefined") return...
    |                                                ^
  2 | ...
  3 | ...
  4 | ...c data?: unknown) {

Parsing ecmascript source code failed

Import traces:
  #1 [Client Component Browser]:
    ./lib/api.ts [Client Component Browser]
    ./app/(protected)/attendance/page.tsx [Client Component Browser]
    ./app/(protected)/attendance/page.tsx [Server Component]

  #2 [Client Component SSR]:
    ./lib/api.ts [Client Component SSR]
    ./app/(protected)/attendance/page.tsx [Client Component SSR]
    ./app/(protected)/attendance/page.tsx [Server Component]

  #3 [Client Component Browser]:
    ./lib/api.ts [Client Component Browser]
    ./components/app-shell.tsx [Client Component Browser]
    ./components/app-shell.tsx [Server Component]
    ./app/(protected)/layout.tsx [Server Component]

  #4 [Client Component SSR]:
    ./lib/api.ts [Client Component SSR]
    ./components/app-shell.tsx [Client Component SSR]
    ./components/app-shell.tsx [Server Component]
    ./app/(protected)/layout.tsx [Server Component] 
[browser] ./lib/api.ts:1:104
Expected ';', '}' or <eof>
> 1 | ...RL) return process.env.NEXT_PUBLIC_API_URL;`n  if (typeof window !== "undefined") return...
    |                                                ^
  2 | ...
  3 | ...
  4 | ...c data?: unknown) {

Parsing ecmascript source code failed

Import traces:
  #1 [Client Component Browser]:
    ./lib/api.ts [Client Component Browser]
    ./app/(protected)/attendance-logs/page.tsx [Client Component Browser]
    ./app/(protected)/attendance-logs/page.tsx [Server Component]

  #2 [Client Component SSR]:
    ./lib/api.ts [Client Component SSR]
    ./app/(protected)/attendance-logs/page.tsx [Client Component SSR]
    ./app/(protected)/attendance-logs/page.tsx [Server Component]

  #3 [Client Component Browser]:
    ./lib/api.ts [Client Component Browser]
    ./components/app-shell.tsx [Client Component Browser]
    ./components/app-shell.tsx [Server Component]
    ./app/(protected)/layout.tsx [Server Component]

  #4 [Client Component SSR]:
    ./lib/api.ts [Client Component SSR]
    ./components/app-shell.tsx [Client Component SSR]
    ./components/app-shell.tsx [Server Component]
    ./app/(protected)/layout.tsx [Server Component] 
[browser] ./lib/api.ts:1:104
Expected ';', '}' or <eof>
> 1 | ...RL) return process.env.NEXT_PUBLIC_API_URL;`n  if (typeof window !== "undefined") return...
    |                                                ^
  2 | ...
  3 | ...
  4 | ...c data?: unknown) {

Parsing ecmascript source code failed

Import traces:
  #1 [Client Component Browser]:
    ./lib/api.ts [Client Component Browser]
    ./app/(protected)/leave-requests/page.tsx [Client Component Browser]
    ./app/(protected)/leave-requests/page.tsx [Server Component]

  #2 [Client Component SSR]:
    ./lib/api.ts [Client Component SSR]
    ./app/(protected)/leave-requests/page.tsx [Client Component SSR]
    ./app/(protected)/leave-requests/page.tsx [Server Component]

  #3 [Client Component Browser]:
    ./lib/api.ts [Client Component Browser]
    ./components/app-shell.tsx [Client Component Browser]
    ./components/app-shell.tsx [Server Component]
    ./app/(protected)/layout.tsx [Server Component]

  #4 [Client Component SSR]:
    ./lib/api.ts [Client Component SSR]
    ./components/app-shell.tsx [Client Component SSR]
    ./components/app-shell.tsx [Server Component]
    ./app/(protected)/layout.tsx [Server Component] 
[browser] ./lib/api.ts:1:104
Expected ';', '}' or <eof>
> 1 | ...RL) return process.env.NEXT_PUBLIC_API_URL;`n  if (typeof window !== "undefined") return...
    |                                                ^
  2 | ...
  3 | ...
  4 | ...c data?: unknown) {

Parsing ecmascript source code failed

Import traces:
  Client Component Browser:
    ./lib/api.ts [Client Component Browser]
    ./app/register/page.tsx [Client Component Browser]
    ./app/register/page.tsx [Server Component]

  Client Component SSR:
    ./lib/api.ts [Client Component SSR]
    ./app/register/page.tsx [Client Component SSR]
    ./app/register/page.tsx [Server Component] 
[browser] ./lib/api.ts:1:104
Expected ';', '}' or <eof>
> 1 | ...RL) return process.env.NEXT_PUBLIC_API_URL;`n  if (typeof window !== "undefined") return...
    |                                                ^
  2 | ...
  3 | ...
  4 | ...c data?: unknown) {

Parsing ecmascript source code failed

Import traces:
  Client Component Browser:
    ./lib/api.ts [Client Component Browser]
    ./app/login/page.tsx [Client Component Browser]
    ./app/login/page.tsx [Server Component]

  Client Component SSR:
    ./lib/api.ts [Client Component SSR]
    ./app/login/page.tsx [Client Component SSR]
    ./app/login/page.tsx [Server Component] 
⨯ ./lib/api.ts:1:104
Expected ';', '}' or <eof>
[31m[1m>[0m [90m1 |[0m ...[32mRL) return process.env.NEXT_PUBLIC_API_URL;`[0mn  [36mif[0m ([36mtypeof[0m window !== [32m"undefined"[0m) [36mreturn[0m.[32m..[0m
  [90m  |[0m                                                [31m[1m^[0m
  [90m2 |[0m ...
  [90m3 |[0m ...
  [90m4 |[0m ...[36mc[0m data?: unknown) {

Parsing ecmascript source code failed

Import traces:
  Client Component Browser:
    ./lib/api.ts [Client Component Browser]
    ./app/login/page.tsx [Client Component Browser]
    ./app/login/page.tsx [Server Component]

  Client Component SSR:
    ./lib/api.ts [Client Component SSR]
    ./app/login/page.tsx [Client Component SSR]
    ./app/login/page.tsx [Server Component]


[browser] Uncaught Error: ./lib/api.ts:1:104
Expected ';', '}' or <eof>
> 1 | ...RL) return process.env.NEXT_PUBLIC_API_URL;`n  if (typeof window !== "undefined") return...
    |                                                ^
  2 | ...
  3 | ...
  4 | ...c data?: unknown) {

Parsing ecmascript source code failed

Import traces:
  Client Component Browser:
    ./lib/api.ts [Client Component Browser]
    ./app/login/page.tsx [Client Component Browser]
    ./app/login/page.tsx [Server Component]

  Client Component SSR:
    ./lib/api.ts [Client Component SSR]
    ./app/login/page.tsx [Client Component SSR]
    ./app/login/page.tsx [Server Component]


    at <unknown> (Error: ./lib/api.ts:1:104)
    at <unknown> (Error: (./lib/api.ts:1:104)
[browser] ./lib/api.ts:1:104
Expected ';', '}' or <eof>
> 1 | ...RL) return process.env.NEXT_PUBLIC_API_URL;`n  if (typeof window !== "undefined") return...
    |                                                ^
  2 | ...
  3 | ...
  4 | ...c data?: unknown) {

Parsing ecmascript source code failed

Import traces:
  Client Component Browser:
    ./lib/api.ts [Client Component Browser]
    ./app/login/page.tsx [Client Component Browser]
    ./app/login/page.tsx [Server Component]

  Client Component SSR:
    ./lib/api.ts [Client Component SSR]
    ./app/login/page.tsx [Client Component SSR]
    ./app/login/page.tsx [Server Component] 
[browser] ./lib/api.ts:1:104
Expected ';', '}' or <eof>
> 1 | ...RL) return process.env.NEXT_PUBLIC_API_URL;`n  if (typeof window !== "undefined") return...
    |                                                ^
  2 | ...
  3 | ...
  4 | ...c data?: unknown) {

Parsing ecmascript source code failed

Import traces:
  #1 [Client Component Browser]:
    ./lib/api.ts [Client Component Browser]
    ./app/(protected)/dashboard/page.tsx [Client Component Browser]
    ./app/(protected)/dashboard/page.tsx [Server Component]

  #2 [Client Component SSR]:
    ./lib/api.ts [Client Component SSR]
    ./app/(protected)/dashboard/page.tsx [Client Component SSR]
    ./app/(protected)/dashboard/page.tsx [Server Component]

  #3 [Client Component Browser]:
    ./lib/api.ts [Client Component Browser]
    ./components/app-shell.tsx [Client Component Browser]
    ./components/app-shell.tsx [Server Component]
    ./app/(protected)/layout.tsx [Server Component]

  #4 [Client Component SSR]:
    ./lib/api.ts [Client Component SSR]
    ./components/app-shell.tsx [Client Component SSR]
    ./components/app-shell.tsx [Server Component]
    ./app/(protected)/layout.tsx [Server Component] 
[browser] ./lib/api.ts:1:104
Expected ';', '}' or <eof>
> 1 | ...RL) return process.env.NEXT_PUBLIC_API_URL;`n  if (typeof window !== "undefined") return...
    |                                                ^
  2 | ...
  3 | ...
  4 | ...c data?: unknown) {

Parsing ecmascript source code failed

Import traces:
  #1 [Client Component Browser]:
    ./lib/api.ts [Client Component Browser]
    ./app/(protected)/students/page.tsx [Client Component Browser]
    ./app/(protected)/students/page.tsx [Server Component]

  #2 [Client Component SSR]:
    ./lib/api.ts [Client Component SSR]
    ./app/(protected)/students/page.tsx [Client Component SSR]
    ./app/(protected)/students/page.tsx [Server Component]

  #3 [Client Component Browser]:
    ./lib/api.ts [Client Component Browser]
    ./components/app-shell.tsx [Client Component Browser]
    ./components/app-shell.tsx [Server Component]
    ./app/(protected)/layout.tsx [Server Component]

  #4 [Client Component SSR]:
    ./lib/api.ts [Client Component SSR]
    ./components/app-shell.tsx [Client Component SSR]
    ./components/app-shell.tsx [Server Component]
    ./app/(protected)/layout.tsx [Server Component] 
[browser] ./lib/api.ts:1:104
Expected ';', '}' or <eof>
> 1 | ...RL) return process.env.NEXT_PUBLIC_API_URL;`n  if (typeof window !== "undefined") return...
    |                                                ^
  2 | ...
  3 | ...
  4 | ...c data?: unknown) {

Parsing ecmascript source code failed

Import traces:
  #1 [Client Component Browser]:
    ./lib/api.ts [Client Component Browser]
    ./app/(protected)/student-accounts/page.tsx [Client Component Browser]
    ./app/(protected)/student-accounts/page.tsx [Server Component]

  #2 [Client Component SSR]:
    ./lib/api.ts [Client Component SSR]
    ./app/(protected)/student-accounts/page.tsx [Client Component SSR]
    ./app/(protected)/student-accounts/page.tsx [Server Component]

  #3 [Client Component Browser]:
    ./lib/api.ts [Client Component Browser]
    ./components/app-shell.tsx [Client Component Browser]
    ./components/app-shell.tsx [Server Component]
    ./app/(protected)/layout.tsx [Server Component]

  #4 [Client Component SSR]:
    ./lib/api.ts [Client Component SSR]
    ./components/app-shell.tsx [Client Component SSR]
    ./components/app-shell.tsx [Server Component]
    ./app/(protected)/layout.tsx [Server Component] 
[browser] ./lib/api.ts:1:104
Expected ';', '}' or <eof>
> 1 | ...RL) return process.env.NEXT_PUBLIC_API_URL;`n  if (typeof window !== "undefined") return...
    |                                                ^
  2 | ...
  3 | ...
  4 | ...c data?: unknown) {

Parsing ecmascript source code failed

Import traces:
  Client Component Browser:
    ./lib/api.ts [Client Component Browser]
    ./app/check-in/page.tsx [Client Component Browser]
    ./app/check-in/page.tsx [Server Component]

  Client Component SSR:
    ./lib/api.ts [Client Component SSR]
    ./app/check-in/page.tsx [Client Component SSR]
    ./app/check-in/page.tsx [Server Component] 
[browser] ./lib/api.ts:1:104
Expected ';', '}' or <eof>
> 1 | ...RL) return process.env.NEXT_PUBLIC_API_URL;`n  if (typeof window !== "undefined") return...
    |                                                ^
  2 | ...
  3 | ...
  4 | ...c data?: unknown) {

Parsing ecmascript source code failed

Import traces:
  #1 [Client Component Browser]:
    ./lib/api.ts [Client Component Browser]
    ./app/(protected)/attendance/page.tsx [Client Component Browser]
    ./app/(protected)/attendance/page.tsx [Server Component]

  #2 [Client Component SSR]:
    ./lib/api.ts [Client Component SSR]
    ./app/(protected)/attendance/page.tsx [Client Component SSR]
    ./app/(protected)/attendance/page.tsx [Server Component]

  #3 [Client Component Browser]:
    ./lib/api.ts [Client Component Browser]
    ./components/app-shell.tsx [Client Component Browser]
    ./components/app-shell.tsx [Server Component]
    ./app/(protected)/layout.tsx [Server Component]

  #4 [Client Component SSR]:
    ./lib/api.ts [Client Component SSR]
    ./components/app-shell.tsx [Client Component SSR]
    ./components/app-shell.tsx [Server Component]
    ./app/(protected)/layout.tsx [Server Component] 
[browser] ./lib/api.ts:1:104
Expected ';', '}' or <eof>
> 1 | ...RL) return process.env.NEXT_PUBLIC_API_URL;`n  if (typeof window !== "undefined") return...
    |                                                ^
  2 | ...
  3 | ...
  4 | ...c data?: unknown) {

Parsing ecmascript source code failed

Import traces:
  #1 [Client Component Browser]:
    ./lib/api.ts [Client Component Browser]
    ./app/(protected)/attendance-logs/page.tsx [Client Component Browser]
    ./app/(protected)/attendance-logs/page.tsx [Server Component]

  #2 [Client Component SSR]:
    ./lib/api.ts [Client Component SSR]
    ./app/(protected)/attendance-logs/page.tsx [Client Component SSR]
    ./app/(protected)/attendance-logs/page.tsx [Server Component]

  #3 [Client Component Browser]:
    ./lib/api.ts [Client Component Browser]
    ./components/app-shell.tsx [Client Component Browser]
    ./components/app-shell.tsx [Server Component]
    ./app/(protected)/layout.tsx [Server Component]

  #4 [Client Component SSR]:
    ./lib/api.ts [Client Component SSR]
    ./components/app-shell.tsx [Client Component SSR]
    ./components/app-shell.tsx [Server Component]
    ./app/(protected)/layout.tsx [Server Component] 
[browser] ./lib/api.ts:1:104
Expected ';', '}' or <eof>
> 1 | ...RL) return process.env.NEXT_PUBLIC_API_URL;`n  if (typeof window !== "undefined") return...
    |                                                ^
  2 | ...
  3 | ...
  4 | ...c data?: unknown) {

Parsing ecmascript source code failed

Import traces:
  #1 [Client Component Browser]:
    ./lib/api.ts [Client Component Browser]
    ./app/(protected)/leave-requests/page.tsx [Client Component Browser]
    ./app/(protected)/leave-requests/page.tsx [Server Component]

  #2 [Client Component SSR]:
    ./lib/api.ts [Client Component SSR]
    ./app/(protected)/leave-requests/page.tsx [Client Component SSR]
    ./app/(protected)/leave-requests/page.tsx [Server Component]

  #3 [Client Component Browser]:
    ./lib/api.ts [Client Component Browser]
    ./components/app-shell.tsx [Client Component Browser]
    ./components/app-shell.tsx [Server Component]
    ./app/(protected)/layout.tsx [Server Component]

  #4 [Client Component SSR]:
    ./lib/api.ts [Client Component SSR]
    ./components/app-shell.tsx [Client Component SSR]
    ./components/app-shell.tsx [Server Component]
    ./app/(protected)/layout.tsx [Server Component] 
[browser] ./lib/api.ts:1:104
Expected ';', '}' or <eof>
> 1 | ...RL) return process.env.NEXT_PUBLIC_API_URL;`n  if (typeof window !== "undefined") return...
    |                                                ^
  2 | ...
  3 | ...
  4 | ...c data?: unknown) {

Parsing ecmascript source code failed

Import traces:
  Client Component Browser:
    ./lib/api.ts [Client Component Browser]
    ./app/register/page.tsx [Client Component Browser]
    ./app/register/page.tsx [Server Component]

  Client Component SSR:
    ./lib/api.ts [Client Component SSR]
    ./app/register/page.tsx [Client Component SSR]
    ./app/register/page.tsx [Server Component] 
[browser] ./lib/api.ts:1:104
Expected ';', '}' or <eof>
> 1 | ...RL) return process.env.NEXT_PUBLIC_API_URL;`n  if (typeof window !== "undefined") return...
    |                                                ^
  2 | ...
  3 | ...
  4 | ...c data?: unknown) {

Parsing ecmascript source code failed

Import traces:
  Client Component Browser:
    ./lib/api.ts [Client Component Browser]
    ./app/login/page.tsx [Client Component Browser]
    ./app/login/page.tsx [Server Component]

  Client Component SSR:
    ./lib/api.ts [Client Component SSR]
    ./app/login/page.tsx [Client Component SSR]
    ./app/login/page.tsx [Server Component] 
⨯ ./lib/api.ts:1:104
Expected ';', '}' or <eof>
[31m[1m>[0m [90m1 |[0m ...[32mRL) return process.env.NEXT_PUBLIC_API_URL;`[0mn  [36mif[0m ([36mtypeof[0m window !== [32m"undefined"[0m) [36mreturn[0m.[32m..[0m
  [90m  |[0m                                                [31m[1m^[0m
  [90m2 |[0m ...
  [90m3 |[0m ...
  [90m4 |[0m ...[36mc[0m data?: unknown) {

Parsing ecmascript source code failed

Import traces:
  Client Component Browser:
    ./lib/api.ts [Client Component Browser]
    ./app/login/page.tsx [Client Component Browser]
    ./app/login/page.tsx [Server Component]

  Client Component SSR:
    ./lib/api.ts [Client Component SSR]
    ./app/login/page.tsx [Client Component SSR]
    ./app/login/page.tsx [Server Component]


[browser] Uncaught Error: ./lib/api.ts:1:104
Expected ';', '}' or <eof>
> 1 | ...RL) return process.env.NEXT_PUBLIC_API_URL;`n  if (typeof window !== "undefined") return...
    |                                                ^
  2 | ...
  3 | ...
  4 | ...c data?: unknown) {

Parsing ecmascript source code failed

Import traces:
  Client Component Browser:
    ./lib/api.ts [Client Component Browser]
    ./app/login/page.tsx [Client Component Browser]
    ./app/login/page.tsx [Server Component]

  Client Component SSR:
    ./lib/api.ts [Client Component SSR]
    ./app/login/page.tsx [Client Component SSR]
    ./app/login/page.tsx [Server Component]


    at <unknown> (Error: ./lib/api.ts:1:104)
    at <unknown> (Error: (./lib/api.ts:1:104)
[browser] ./lib/api.ts:1:104
Expected ';', '}' or <eof>
> 1 | ...RL) return process.env.NEXT_PUBLIC_API_URL;`n  if (typeof window !== "undefined") return...
    |                                                ^
  2 | ...
  3 | ...
  4 | ...c data?: unknown) {

Parsing ecmascript source code failed

Import traces:
  Client Component Browser:
    ./lib/api.ts [Client Component Browser]
    ./app/login/page.tsx [Client Component Browser]
    ./app/login/page.tsx [Server Component]

  Client Component SSR:
    ./lib/api.ts [Client Component SSR]
    ./app/login/page.tsx [Client Component SSR]
    ./app/login/page.tsx [Server Component] 
[browser] ./lib/api.ts:1:104
Expected ';', '}' or <eof>
> 1 | ...RL) return process.env.NEXT_PUBLIC_API_URL;`n  if (typeof window !== "undefined") return...
    |                                                ^
  2 | ...
  3 | ...
  4 | ...c data?: unknown) {

Parsing ecmascript source code failed

Import traces:
  Client Component Browser:
    ./lib/api.ts [Client Component Browser]
    ./app/login/page.tsx [Client Component Browser]
    ./app/login/page.tsx [Server Component]

  Client Component SSR:
    ./lib/api.ts [Client Component SSR]
    ./app/login/page.tsx [Client Component SSR]
    ./app/login/page.tsx [Server Component] 
[browser] ./lib/api.ts:1:104
Expected ';', '}' or <eof>
> 1 | ...RL) return process.env.NEXT_PUBLIC_API_URL;`n  if (typeof window !== "undefined") return...
    |                                                ^
  2 | ...
  3 | ...
  4 | ...c data?: unknown) {

Parsing ecmascript source code failed

Import traces:
  #1 [Client Component Browser]:
    ./lib/api.ts [Client Component Browser]
    ./app/(protected)/dashboard/page.tsx [Client Component Browser]
    ./app/(protected)/dashboard/page.tsx [Server Component]

  #2 [Client Component SSR]:
    ./lib/api.ts [Client Component SSR]
    ./app/(protected)/dashboard/page.tsx [Client Component SSR]
    ./app/(protected)/dashboard/page.tsx [Server Component]

  #3 [Client Component Browser]:
    ./lib/api.ts [Client Component Browser]
    ./components/app-shell.tsx [Client Component Browser]
    ./components/app-shell.tsx [Server Component]
    ./app/(protected)/layout.tsx [Server Component]

  #4 [Client Component SSR]:
    ./lib/api.ts [Client Component SSR]
    ./components/app-shell.tsx [Client Component SSR]
    ./components/app-shell.tsx [Server Component]
    ./app/(protected)/layout.tsx [Server Component] 
[browser] ./lib/api.ts:1:104
Expected ';', '}' or <eof>
> 1 | ...RL) return process.env.NEXT_PUBLIC_API_URL;`n  if (typeof window !== "undefined") return...
    |                                                ^
  2 | ...
  3 | ...
  4 | ...c data?: unknown) {

Parsing ecmascript source code failed

Import traces:
  #1 [Client Component Browser]:
    ./lib/api.ts [Client Component Browser]
    ./app/(protected)/students/page.tsx [Client Component Browser]
    ./app/(protected)/students/page.tsx [Server Component]

  #2 [Client Component SSR]:
    ./lib/api.ts [Client Component SSR]
    ./app/(protected)/students/page.tsx [Client Component SSR]
    ./app/(protected)/students/page.tsx [Server Component]

  #3 [Client Component Browser]:
    ./lib/api.ts [Client Component Browser]
    ./components/app-shell.tsx [Client Component Browser]
    ./components/app-shell.tsx [Server Component]
    ./app/(protected)/layout.tsx [Server Component]

  #4 [Client Component SSR]:
    ./lib/api.ts [Client Component SSR]
    ./components/app-shell.tsx [Client Component SSR]
    ./components/app-shell.tsx [Server Component]
    ./app/(protected)/layout.tsx [Server Component] 
[browser] ./lib/api.ts:1:104
Expected ';', '}' or <eof>
> 1 | ...RL) return process.env.NEXT_PUBLIC_API_URL;`n  if (typeof window !== "undefined") return...
    |                                                ^
  2 | ...
  3 | ...
  4 | ...c data?: unknown) {

Parsing ecmascript source code failed

Import traces:
  #1 [Client Component Browser]:
    ./lib/api.ts [Client Component Browser]
    ./app/(protected)/student-accounts/page.tsx [Client Component Browser]
    ./app/(protected)/student-accounts/page.tsx [Server Component]

  #2 [Client Component SSR]:
    ./lib/api.ts [Client Component SSR]
    ./app/(protected)/student-accounts/page.tsx [Client Component SSR]
    ./app/(protected)/student-accounts/page.tsx [Server Component]

  #3 [Client Component Browser]:
    ./lib/api.ts [Client Component Browser]
    ./components/app-shell.tsx [Client Component Browser]
    ./components/app-shell.tsx [Server Component]
    ./app/(protected)/layout.tsx [Server Component]

  #4 [Client Component SSR]:
    ./lib/api.ts [Client Component SSR]
    ./components/app-shell.tsx [Client Component SSR]
    ./components/app-shell.tsx [Server Component]
    ./app/(protected)/layout.tsx [Server Component] 
[browser] ./lib/api.ts:1:104
Expected ';', '}' or <eof>
> 1 | ...RL) return process.env.NEXT_PUBLIC_API_URL;`n  if (typeof window !== "undefined") return...
    |                                                ^
  2 | ...
  3 | ...
  4 | ...c data?: unknown) {

Parsing ecmascript source code failed

Import traces:
  Client Component Browser:
    ./lib/api.ts [Client Component Browser]
    ./app/check-in/page.tsx [Client Component Browser]
    ./app/check-in/page.tsx [Server Component]

  Client Component SSR:
    ./lib/api.ts [Client Component SSR]
    ./app/check-in/page.tsx [Client Component SSR]
    ./app/check-in/page.tsx [Server Component] 
[browser] ./lib/api.ts:1:104
Expected ';', '}' or <eof>
> 1 | ...RL) return process.env.NEXT_PUBLIC_API_URL;`n  if (typeof window !== "undefined") return...
    |                                                ^
  2 | ...
  3 | ...
  4 | ...c data?: unknown) {

Parsing ecmascript source code failed

Import traces:
  #1 [Client Component Browser]:
    ./lib/api.ts [Client Component Browser]
    ./app/(protected)/attendance/page.tsx [Client Component Browser]
    ./app/(protected)/attendance/page.tsx [Server Component]

  #2 [Client Component SSR]:
    ./lib/api.ts [Client Component SSR]
    ./app/(protected)/attendance/page.tsx [Client Component SSR]
    ./app/(protected)/attendance/page.tsx [Server Component]

  #3 [Client Component Browser]:
    ./lib/api.ts [Client Component Browser]
    ./components/app-shell.tsx [Client Component Browser]
    ./components/app-shell.tsx [Server Component]
    ./app/(protected)/layout.tsx [Server Component]

  #4 [Client Component SSR]:
    ./lib/api.ts [Client Component SSR]
    ./components/app-shell.tsx [Client Component SSR]
    ./components/app-shell.tsx [Server Component]
    ./app/(protected)/layout.tsx [Server Component] 
[browser] ./lib/api.ts:1:104
Expected ';', '}' or <eof>
> 1 | ...RL) return process.env.NEXT_PUBLIC_API_URL;`n  if (typeof window !== "undefined") return...
    |                                                ^
  2 | ...
  3 | ...
  4 | ...c data?: unknown) {

Parsing ecmascript source code failed

Import traces:
  #1 [Client Component Browser]:
    ./lib/api.ts [Client Component Browser]
    ./app/(protected)/attendance-logs/page.tsx [Client Component Browser]
    ./app/(protected)/attendance-logs/page.tsx [Server Component]

  #2 [Client Component SSR]:
    ./lib/api.ts [Client Component SSR]
    ./app/(protected)/attendance-logs/page.tsx [Client Component SSR]
    ./app/(protected)/attendance-logs/page.tsx [Server Component]

  #3 [Client Component Browser]:
    ./lib/api.ts [Client Component Browser]
    ./components/app-shell.tsx [Client Component Browser]
    ./components/app-shell.tsx [Server Component]
    ./app/(protected)/layout.tsx [Server Component]

  #4 [Client Component SSR]:
    ./lib/api.ts [Client Component SSR]
    ./components/app-shell.tsx [Client Component SSR]
    ./components/app-shell.tsx [Server Component]
    ./app/(protected)/layout.tsx [Server Component] 
[browser] ./lib/api.ts:1:104
Expected ';', '}' or <eof>
> 1 | ...RL) return process.env.NEXT_PUBLIC_API_URL;`n  if (typeof window !== "undefined") return...
    |                                                ^
  2 | ...
  3 | ...
  4 | ...c data?: unknown) {

Parsing ecmascript source code failed

Import traces:
  #1 [Client Component Browser]:
    ./lib/api.ts [Client Component Browser]
    ./app/(protected)/leave-requests/page.tsx [Client Component Browser]
    ./app/(protected)/leave-requests/page.tsx [Server Component]

  #2 [Client Component SSR]:
    ./lib/api.ts [Client Component SSR]
    ./app/(protected)/leave-requests/page.tsx [Client Component SSR]
    ./app/(protected)/leave-requests/page.tsx [Server Component]

  #3 [Client Component Browser]:
    ./lib/api.ts [Client Component Browser]
    ./components/app-shell.tsx [Client Component Browser]
    ./components/app-shell.tsx [Server Component]
    ./app/(protected)/layout.tsx [Server Component]

  #4 [Client Component SSR]:
    ./lib/api.ts [Client Component SSR]
    ./components/app-shell.tsx [Client Component SSR]
    ./components/app-shell.tsx [Server Component]
    ./app/(protected)/layout.tsx [Server Component] 
[browser] ./lib/api.ts:1:104
Expected ';', '}' or <eof>
> 1 | ...RL) return process.env.NEXT_PUBLIC_API_URL;`n  if (typeof window !== "undefined") return...
    |                                                ^
  2 | ...
  3 | ...
  4 | ...c data?: unknown) {

Parsing ecmascript source code failed

Import traces:
  Client Component Browser:
    ./lib/api.ts [Client Component Browser]
    ./app/register/page.tsx [Client Component Browser]
    ./app/register/page.tsx [Server Component]

  Client Component SSR:
    ./lib/api.ts [Client Component SSR]
    ./app/register/page.tsx [Client Component SSR]
    ./app/register/page.tsx [Server Component] 
[browser] ./lib/api.ts:1:104
Expected ';', '}' or <eof>
> 1 | ...RL) return process.env.NEXT_PUBLIC_API_URL;`n  if (typeof window !== "undefined") return...
    |                                                ^
  2 | ...
  3 | ...
  4 | ...c data?: unknown) {

Parsing ecmascript source code failed

Import traces:
  Client Component Browser:
    ./lib/api.ts [Client Component Browser]
    ./app/login/page.tsx [Client Component Browser]
    ./app/login/page.tsx [Server Component]

  Client Component SSR:
    ./lib/api.ts [Client Component SSR]
    ./app/login/page.tsx [Client Component SSR]
    ./app/login/page.tsx [Server Component] 
⨯ ./lib/api.ts:1:104
Expected ';', '}' or <eof>
[31m[1m>[0m [90m1 |[0m ...[32mRL) return process.env.NEXT_PUBLIC_API_URL;`[0mn  [36mif[0m ([36mtypeof[0m window !== [32m"undefined"[0m) [36mreturn[0m.[32m..[0m
  [90m  |[0m                                                [31m[1m^[0m
  [90m2 |[0m ...
  [90m3 |[0m ...
  [90m4 |[0m ...[36mc[0m data?: unknown) {

Parsing ecmascript source code failed

Import traces:
  Client Component Browser:
    ./lib/api.ts [Client Component Browser]
    ./app/login/page.tsx [Client Component Browser]
    ./app/login/page.tsx [Server Component]

  Client Component SSR:
    ./lib/api.ts [Client Component SSR]
    ./app/login/page.tsx [Client Component SSR]
    ./app/login/page.tsx [Server Component]


[browser] Uncaught Error: ./lib/api.ts:1:104
Expected ';', '}' or <eof>
> 1 | ...RL) return process.env.NEXT_PUBLIC_API_URL;`n  if (typeof window !== "undefined") return...
    |                                                ^
  2 | ...
  3 | ...
  4 | ...c data?: unknown) {

Parsing ecmascript source code failed

Import traces:
  Client Component Browser:
    ./lib/api.ts [Client Component Browser]
    ./app/login/page.tsx [Client Component Browser]
    ./app/login/page.tsx [Server Component]

  Client Component SSR:
    ./lib/api.ts [Client Component SSR]
    ./app/login/page.tsx [Client Component SSR]
    ./app/login/page.tsx [Server Component]


    at <unknown> (Error: ./lib/api.ts:1:104)
    at <unknown> (Error: (./lib/api.ts:1:104)
[browser] ./lib/api.ts:1:104
Expected ';', '}' or <eof>
> 1 | ...RL) return process.env.NEXT_PUBLIC_API_URL;`n  if (typeof window !== "undefined") return...
    |                                                ^
  2 | ...
  3 | ...
  4 | ...c data?: unknown) {

Parsing ecmascript source code failed

Import traces:
  Client Component Browser:
    ./lib/api.ts [Client Component Browser]
    ./app/login/page.tsx [Client Component Browser]
    ./app/login/page.tsx [Server Component]

  Client Component SSR:
    ./lib/api.ts [Client Component SSR]
    ./app/login/page.tsx [Client Component SSR]
    ./app/login/page.tsx [Server Component] 
[browser] ./lib/api.ts:1:104
Expected ';', '}' or <eof>
> 1 | ...RL) return process.env.NEXT_PUBLIC_API_URL;`n  if (typeof window !== "undefined") return...
    |                                                ^
  2 | ...
  3 | ...
  4 | ...c data?: unknown) {

Parsing ecmascript source code failed

Import traces:
  #1 [Client Component Browser]:
    ./lib/api.ts [Client Component Browser]
    ./app/(protected)/dashboard/page.tsx [Client Component Browser]
    ./app/(protected)/dashboard/page.tsx [Server Component]

  #2 [Client Component SSR]:
    ./lib/api.ts [Client Component SSR]
    ./app/(protected)/dashboard/page.tsx [Client Component SSR]
    ./app/(protected)/dashboard/page.tsx [Server Component]

  #3 [Client Component Browser]:
    ./lib/api.ts [Client Component Browser]
    ./components/app-shell.tsx [Client Component Browser]
    ./components/app-shell.tsx [Server Component]
    ./app/(protected)/layout.tsx [Server Component]

  #4 [Client Component SSR]:
    ./lib/api.ts [Client Component SSR]
    ./components/app-shell.tsx [Client Component SSR]
    ./components/app-shell.tsx [Server Component]
    ./app/(protected)/layout.tsx [Server Component] 
[browser] ./lib/api.ts:1:104
Expected ';', '}' or <eof>
> 1 | ...RL) return process.env.NEXT_PUBLIC_API_URL;`n  if (typeof window !== "undefined") return...
    |                                                ^
  2 | ...
  3 | ...
  4 | ...c data?: unknown) {

Parsing ecmascript source code failed

Import traces:
  #1 [Client Component Browser]:
    ./lib/api.ts [Client Component Browser]
    ./app/(protected)/students/page.tsx [Client Component Browser]
    ./app/(protected)/students/page.tsx [Server Component]

  #2 [Client Component SSR]:
    ./lib/api.ts [Client Component SSR]
    ./app/(protected)/students/page.tsx [Client Component SSR]
    ./app/(protected)/students/page.tsx [Server Component]

  #3 [Client Component Browser]:
    ./lib/api.ts [Client Component Browser]
    ./components/app-shell.tsx [Client Component Browser]
    ./components/app-shell.tsx [Server Component]
    ./app/(protected)/layout.tsx [Server Component]

  #4 [Client Component SSR]:
    ./lib/api.ts [Client Component SSR]
    ./components/app-shell.tsx [Client Component SSR]
    ./components/app-shell.tsx [Server Component]
    ./app/(protected)/layout.tsx [Server Component] 
[browser] ./lib/api.ts:1:104
Expected ';', '}' or <eof>
> 1 | ...RL) return process.env.NEXT_PUBLIC_API_URL;`n  if (typeof window !== "undefined") return...
    |                                                ^
  2 | ...
  3 | ...
  4 | ...c data?: unknown) {

Parsing ecmascript source code failed

Import traces:
  #1 [Client Component Browser]:
    ./lib/api.ts [Client Component Browser]
    ./app/(protected)/student-accounts/page.tsx [Client Component Browser]
    ./app/(protected)/student-accounts/page.tsx [Server Component]

  #2 [Client Component SSR]:
    ./lib/api.ts [Client Component SSR]
    ./app/(protected)/student-accounts/page.tsx [Client Component SSR]
    ./app/(protected)/student-accounts/page.tsx [Server Component]

  #3 [Client Component Browser]:
    ./lib/api.ts [Client Component Browser]
    ./components/app-shell.tsx [Client Component Browser]
    ./components/app-shell.tsx [Server Component]
    ./app/(protected)/layout.tsx [Server Component]

  #4 [Client Component SSR]:
    ./lib/api.ts [Client Component SSR]
    ./components/app-shell.tsx [Client Component SSR]
    ./components/app-shell.tsx [Server Component]
    ./app/(protected)/layout.tsx [Server Component] 
[browser] ./lib/api.ts:1:104
Expected ';', '}' or <eof>
> 1 | ...RL) return process.env.NEXT_PUBLIC_API_URL;`n  if (typeof window !== "undefined") return...
    |                                                ^
  2 | ...
  3 | ...
  4 | ...c data?: unknown) {

Parsing ecmascript source code failed

Import traces:
  Client Component Browser:
    ./lib/api.ts [Client Component Browser]
    ./app/check-in/page.tsx [Client Component Browser]
    ./app/check-in/page.tsx [Server Component]

  Client Component SSR:
    ./lib/api.ts [Client Component SSR]
    ./app/check-in/page.tsx [Client Component SSR]
    ./app/check-in/page.tsx [Server Component] 
[browser] ./lib/api.ts:1:104
Expected ';', '}' or <eof>
> 1 | ...RL) return process.env.NEXT_PUBLIC_API_URL;`n  if (typeof window !== "undefined") return...
    |                                                ^
  2 | ...
  3 | ...
  4 | ...c data?: unknown) {

Parsing ecmascript source code failed

Import traces:
  #1 [Client Component Browser]:
    ./lib/api.ts [Client Component Browser]
    ./app/(protected)/attendance/page.tsx [Client Component Browser]
    ./app/(protected)/attendance/page.tsx [Server Component]

  #2 [Client Component SSR]:
    ./lib/api.ts [Client Component SSR]
    ./app/(protected)/attendance/page.tsx [Client Component SSR]
    ./app/(protected)/attendance/page.tsx [Server Component]

  #3 [Client Component Browser]:
    ./lib/api.ts [Client Component Browser]
    ./components/app-shell.tsx [Client Component Browser]
    ./components/app-shell.tsx [Server Component]
    ./app/(protected)/layout.tsx [Server Component]

  #4 [Client Component SSR]:
    ./lib/api.ts [Client Component SSR]
    ./components/app-shell.tsx [Client Component SSR]
    ./components/app-shell.tsx [Server Component]
    ./app/(protected)/layout.tsx [Server Component] 
[browser] ./lib/api.ts:1:104
Expected ';', '}' or <eof>
> 1 | ...RL) return process.env.NEXT_PUBLIC_API_URL;`n  if (typeof window !== "undefined") return...
    |                                                ^
  2 | ...
  3 | ...
  4 | ...c data?: unknown) {

Parsing ecmascript source code failed

Import traces:
  #1 [Client Component Browser]:
    ./lib/api.ts [Client Component Browser]
    ./app/(protected)/attendance-logs/page.tsx [Client Component Browser]
    ./app/(protected)/attendance-logs/page.tsx [Server Component]

  #2 [Client Component SSR]:
    ./lib/api.ts [Client Component SSR]
    ./app/(protected)/attendance-logs/page.tsx [Client Component SSR]
    ./app/(protected)/attendance-logs/page.tsx [Server Component]

  #3 [Client Component Browser]:
    ./lib/api.ts [Client Component Browser]
    ./components/app-shell.tsx [Client Component Browser]
    ./components/app-shell.tsx [Server Component]
    ./app/(protected)/layout.tsx [Server Component]

  #4 [Client Component SSR]:
    ./lib/api.ts [Client Component SSR]
    ./components/app-shell.tsx [Client Component SSR]
    ./components/app-shell.tsx [Server Component]
    ./app/(protected)/layout.tsx [Server Component] 
[browser] ./lib/api.ts:1:104
Expected ';', '}' or <eof>
> 1 | ...RL) return process.env.NEXT_PUBLIC_API_URL;`n  if (typeof window !== "undefined") return...
    |                                                ^
  2 | ...
  3 | ...
  4 | ...c data?: unknown) {

Parsing ecmascript source code failed

Import traces:
  #1 [Client Component Browser]:
    ./lib/api.ts [Client Component Browser]
    ./app/(protected)/leave-requests/page.tsx [Client Component Browser]
    ./app/(protected)/leave-requests/page.tsx [Server Component]

  #2 [Client Component SSR]:
    ./lib/api.ts [Client Component SSR]
    ./app/(protected)/leave-requests/page.tsx [Client Component SSR]
    ./app/(protected)/leave-requests/page.tsx [Server Component]

  #3 [Client Component Browser]:
    ./lib/api.ts [Client Component Browser]
    ./components/app-shell.tsx [Client Component Browser]
    ./components/app-shell.tsx [Server Component]
    ./app/(protected)/layout.tsx [Server Component]

  #4 [Client Component SSR]:
    ./lib/api.ts [Client Component SSR]
    ./components/app-shell.tsx [Client Component SSR]
    ./components/app-shell.tsx [Server Component]
    ./app/(protected)/layout.tsx [Server Component] 
[browser] ./lib/api.ts:1:104
Expected ';', '}' or <eof>
> 1 | ...RL) return process.env.NEXT_PUBLIC_API_URL;`n  if (typeof window !== "undefined") return...
    |                                                ^
  2 | ...
  3 | ...
  4 | ...c data?: unknown) {

Parsing ecmascript source code failed

Import traces:
  Client Component Browser:
    ./lib/api.ts [Client Component Browser]
    ./app/register/page.tsx [Client Component Browser]
    ./app/register/page.tsx [Server Component]

  Client Component SSR:
    ./lib/api.ts [Client Component SSR]
    ./app/register/page.tsx [Client Component SSR]
    ./app/register/page.tsx [Server Component] 
[browser] ./lib/api.ts:1:104
Expected ';', '}' or <eof>
> 1 | ...RL) return process.env.NEXT_PUBLIC_API_URL;`n  if (typeof window !== "undefined") return...
    |                                                ^
  2 | ...
  3 | ...
  4 | ...c data?: unknown) {

Parsing ecmascript source code failed

Import traces:
  Client Component Browser:
    ./lib/api.ts [Client Component Browser]
    ./app/login/page.tsx [Client Component Browser]
    ./app/login/page.tsx [Server Component]

  Client Component SSR:
    ./lib/api.ts [Client Component SSR]
    ./app/login/page.tsx [Client Component SSR]
    ./app/login/page.tsx [Server Component] 
⨯ ./lib/api.ts:1:104
Expected ';', '}' or <eof>
[31m[1m>[0m [90m1 |[0m ...[32mRL) return process.env.NEXT_PUBLIC_API_URL;`[0mn  [36mif[0m ([36mtypeof[0m window !== [32m"undefined"[0m) [36mreturn[0m.[32m..[0m
  [90m  |[0m                                                [31m[1m^[0m
  [90m2 |[0m ...
  [90m3 |[0m ...
  [90m4 |[0m ...[36mc[0m data?: unknown) {

Parsing ecmascript source code failed

Import traces:
  Client Component Browser:
    ./lib/api.ts [Client Component Browser]
    ./app/login/page.tsx [Client Component Browser]
    ./app/login/page.tsx [Server Component]

  Client Component SSR:
    ./lib/api.ts [Client Component SSR]
    ./app/login/page.tsx [Client Component SSR]
    ./app/login/page.tsx [Server Component]


[browser] Uncaught Error: ./lib/api.ts:1:104
Expected ';', '}' or <eof>
> 1 | ...RL) return process.env.NEXT_PUBLIC_API_URL;`n  if (typeof window !== "undefined") return...
    |                                                ^
  2 | ...
  3 | ...
  4 | ...c data?: unknown) {

Parsing ecmascript source code failed

Import traces:
  Client Component Browser:
    ./lib/api.ts [Client Component Browser]
    ./app/login/page.tsx [Client Component Browser]
    ./app/login/page.tsx [Server Component]

  Client Component SSR:
    ./lib/api.ts [Client Component SSR]
    ./app/login/page.tsx [Client Component SSR]
    ./app/login/page.tsx [Server Component]


    at <unknown> (Error: ./lib/api.ts:1:104)
    at <unknown> (Error: (./lib/api.ts:1:104)
[browser] ./lib/api.ts:1:104
Expected ';', '}' or <eof>
> 1 | ...RL) return process.env.NEXT_PUBLIC_API_URL;`n  if (typeof window !== "undefined") return...
    |                                                ^
  2 | ...
  3 | ...
  4 | ...c data?: unknown) {

Parsing ecmascript source code failed

Import traces:
  Client Component Browser:
    ./lib/api.ts [Client Component Browser]
    ./app/login/page.tsx [Client Component Browser]
    ./app/login/page.tsx [Server Component]

  Client Component SSR:
    ./lib/api.ts [Client Component SSR]
    ./app/login/page.tsx [Client Component SSR]
    ./app/login/page.tsx [Server Component] 
[browser] ./lib/api.ts:1:104
Expected ';', '}' or <eof>
> 1 | ...RL) return process.env.NEXT_PUBLIC_API_URL;`n  if (typeof window !== "undefined") return...
    |                                                ^
  2 | ...
  3 | ...
  4 | ...c data?: unknown) {

Parsing ecmascript source code failed

Import traces:
  #1 [Client Component Browser]:
    ./lib/api.ts [Client Component Browser]
    ./app/(protected)/dashboard/page.tsx [Client Component Browser]
    ./app/(protected)/dashboard/page.tsx [Server Component]

  #2 [Client Component SSR]:
    ./lib/api.ts [Client Component SSR]
    ./app/(protected)/dashboard/page.tsx [Client Component SSR]
    ./app/(protected)/dashboard/page.tsx [Server Component]

  #3 [Client Component Browser]:
    ./lib/api.ts [Client Component Browser]
    ./components/app-shell.tsx [Client Component Browser]
    ./components/app-shell.tsx [Server Component]
    ./app/(protected)/layout.tsx [Server Component]

  #4 [Client Component SSR]:
    ./lib/api.ts [Client Component SSR]
    ./components/app-shell.tsx [Client Component SSR]
    ./components/app-shell.tsx [Server Component]
    ./app/(protected)/layout.tsx [Server Component] 
[browser] ./lib/api.ts:1:104
Expected ';', '}' or <eof>
> 1 | ...RL) return process.env.NEXT_PUBLIC_API_URL;`n  if (typeof window !== "undefined") return...
    |                                                ^
  2 | ...
  3 | ...
  4 | ...c data?: unknown) {

Parsing ecmascript source code failed

Import traces:
  #1 [Client Component Browser]:
    ./lib/api.ts [Client Component Browser]
    ./app/(protected)/students/page.tsx [Client Component Browser]
    ./app/(protected)/students/page.tsx [Server Component]

  #2 [Client Component SSR]:
    ./lib/api.ts [Client Component SSR]
    ./app/(protected)/students/page.tsx [Client Component SSR]
    ./app/(protected)/students/page.tsx [Server Component]

  #3 [Client Component Browser]:
    ./lib/api.ts [Client Component Browser]
    ./components/app-shell.tsx [Client Component Browser]
    ./components/app-shell.tsx [Server Component]
    ./app/(protected)/layout.tsx [Server Component]

  #4 [Client Component SSR]:
    ./lib/api.ts [Client Component SSR]
    ./components/app-shell.tsx [Client Component SSR]
    ./components/app-shell.tsx [Server Component]
    ./app/(protected)/layout.tsx [Server Component] 
[browser] ./lib/api.ts:1:104
Expected ';', '}' or <eof>
> 1 | ...RL) return process.env.NEXT_PUBLIC_API_URL;`n  if (typeof window !== "undefined") return...
    |                                                ^
  2 | ...
  3 | ...
  4 | ...c data?: unknown) {

Parsing ecmascript source code failed

Import traces:
  #1 [Client Component Browser]:
    ./lib/api.ts [Client Component Browser]
    ./app/(protected)/student-accounts/page.tsx [Client Component Browser]
    ./app/(protected)/student-accounts/page.tsx [Server Component]

  #2 [Client Component SSR]:
    ./lib/api.ts [Client Component SSR]
    ./app/(protected)/student-accounts/page.tsx [Client Component SSR]
    ./app/(protected)/student-accounts/page.tsx [Server Component]

  #3 [Client Component Browser]:
    ./lib/api.ts [Client Component Browser]
    ./components/app-shell.tsx [Client Component Browser]
    ./components/app-shell.tsx [Server Component]
    ./app/(protected)/layout.tsx [Server Component]

  #4 [Client Component SSR]:
    ./lib/api.ts [Client Component SSR]
    ./components/app-shell.tsx [Client Component SSR]
    ./components/app-shell.tsx [Server Component]
    ./app/(protected)/layout.tsx [Server Component] 
[browser] ./lib/api.ts:1:104
Expected ';', '}' or <eof>
> 1 | ...RL) return process.env.NEXT_PUBLIC_API_URL;`n  if (typeof window !== "undefined") return...
    |                                                ^
  2 | ...
  3 | ...
  4 | ...c data?: unknown) {

Parsing ecmascript source code failed

Import traces:
  Client Component Browser:
    ./lib/api.ts [Client Component Browser]
    ./app/check-in/page.tsx [Client Component Browser]
    ./app/check-in/page.tsx [Server Component]

  Client Component SSR:
    ./lib/api.ts [Client Component SSR]
    ./app/check-in/page.tsx [Client Component SSR]
    ./app/check-in/page.tsx [Server Component] 
[browser] ./lib/api.ts:1:104
Expected ';', '}' or <eof>
> 1 | ...RL) return process.env.NEXT_PUBLIC_API_URL;`n  if (typeof window !== "undefined") return...
    |                                                ^
  2 | ...
  3 | ...
  4 | ...c data?: unknown) {

Parsing ecmascript source code failed

Import traces:
  #1 [Client Component Browser]:
    ./lib/api.ts [Client Component Browser]
    ./app/(protected)/attendance/page.tsx [Client Component Browser]
    ./app/(protected)/attendance/page.tsx [Server Component]

  #2 [Client Component SSR]:
    ./lib/api.ts [Client Component SSR]
    ./app/(protected)/attendance/page.tsx [Client Component SSR]
    ./app/(protected)/attendance/page.tsx [Server Component]

  #3 [Client Component Browser]:
    ./lib/api.ts [Client Component Browser]
    ./components/app-shell.tsx [Client Component Browser]
    ./components/app-shell.tsx [Server Component]
    ./app/(protected)/layout.tsx [Server Component]

  #4 [Client Component SSR]:
    ./lib/api.ts [Client Component SSR]
    ./components/app-shell.tsx [Client Component SSR]
    ./components/app-shell.tsx [Server Component]
    ./app/(protected)/layout.tsx [Server Component] 
[browser] ./lib/api.ts:1:104
Expected ';', '}' or <eof>
> 1 | ...RL) return process.env.NEXT_PUBLIC_API_URL;`n  if (typeof window !== "undefined") return...
    |                                                ^
  2 | ...
  3 | ...
  4 | ...c data?: unknown) {

Parsing ecmascript source code failed

Import traces:
  #1 [Client Component Browser]:
    ./lib/api.ts [Client Component Browser]
    ./app/(protected)/attendance-logs/page.tsx [Client Component Browser]
    ./app/(protected)/attendance-logs/page.tsx [Server Component]

  #2 [Client Component SSR]:
    ./lib/api.ts [Client Component SSR]
    ./app/(protected)/attendance-logs/page.tsx [Client Component SSR]
    ./app/(protected)/attendance-logs/page.tsx [Server Component]

  #3 [Client Component Browser]:
    ./lib/api.ts [Client Component Browser]
    ./components/app-shell.tsx [Client Component Browser]
    ./components/app-shell.tsx [Server Component]
    ./app/(protected)/layout.tsx [Server Component]

  #4 [Client Component SSR]:
    ./lib/api.ts [Client Component SSR]
    ./components/app-shell.tsx [Client Component SSR]
    ./components/app-shell.tsx [Server Component]
    ./app/(protected)/layout.tsx [Server Component] 
[browser] ./lib/api.ts:1:104
Expected ';', '}' or <eof>
> 1 | ...RL) return process.env.NEXT_PUBLIC_API_URL;`n  if (typeof window !== "undefined") return...
    |                                                ^
  2 | ...
  3 | ...
  4 | ...c data?: unknown) {

Parsing ecmascript source code failed

Import traces:
  #1 [Client Component Browser]:
    ./lib/api.ts [Client Component Browser]
    ./app/(protected)/leave-requests/page.tsx [Client Component Browser]
    ./app/(protected)/leave-requests/page.tsx [Server Component]

  #2 [Client Component SSR]:
    ./lib/api.ts [Client Component SSR]
    ./app/(protected)/leave-requests/page.tsx [Client Component SSR]
    ./app/(protected)/leave-requests/page.tsx [Server Component]

  #3 [Client Component Browser]:
    ./lib/api.ts [Client Component Browser]
    ./components/app-shell.tsx [Client Component Browser]
    ./components/app-shell.tsx [Server Component]
    ./app/(protected)/layout.tsx [Server Component]

  #4 [Client Component SSR]:
    ./lib/api.ts [Client Component SSR]
    ./components/app-shell.tsx [Client Component SSR]
    ./components/app-shell.tsx [Server Component]
    ./app/(protected)/layout.tsx [Server Component] 
[browser] ./lib/api.ts:1:104
Expected ';', '}' or <eof>
> 1 | ...RL) return process.env.NEXT_PUBLIC_API_URL;`n  if (typeof window !== "undefined") return...
    |                                                ^
  2 | ...
  3 | ...
  4 | ...c data?: unknown) {

Parsing ecmascript source code failed

Import traces:
  Client Component Browser:
    ./lib/api.ts [Client Component Browser]
    ./app/register/page.tsx [Client Component Browser]
    ./app/register/page.tsx [Server Component]

  Client Component SSR:
    ./lib/api.ts [Client Component SSR]
    ./app/register/page.tsx [Client Component SSR]
    ./app/register/page.tsx [Server Component] 
[browser] ./lib/api.ts:1:104
Expected ';', '}' or <eof>
> 1 | ...RL) return process.env.NEXT_PUBLIC_API_URL;`n  if (typeof window !== "undefined") return...
    |                                                ^
  2 | ...
  3 | ...
  4 | ...c data?: unknown) {

Parsing ecmascript source code failed

Import traces:
  Client Component Browser:
    ./lib/api.ts [Client Component Browser]
    ./app/login/page.tsx [Client Component Browser]
    ./app/login/page.tsx [Server Component]

  Client Component SSR:
    ./lib/api.ts [Client Component SSR]
    ./app/login/page.tsx [Client Component SSR]
    ./app/login/page.tsx [Server Component] 
[browser] ./lib/api.ts:1:104
Expected ';', '}' or <eof>
> 1 | ...RL) return process.env.NEXT_PUBLIC_API_URL;`n  if (typeof window !== "undefined") return...
    |                                                ^
  2 | ...
  3 | ...
  4 | ...c data?: unknown) {

Parsing ecmascript source code failed

Import traces:
  Client Component Browser:
    ./lib/api.ts [Client Component Browser]
    ./app/login/page.tsx [Client Component Browser]
    ./app/login/page.tsx [Server Component]

  Client Component SSR:
    ./lib/api.ts [Client Component SSR]
    ./app/login/page.tsx [Client Component SSR]
    ./app/login/page.tsx [Server Component] 
⨯ ./lib/api.ts:1:104
Expected ';', '}' or <eof>
[31m[1m>[0m [90m1 |[0m ...[32mRL) return process.env.NEXT_PUBLIC_API_URL;`[0mn  [36mif[0m ([36mtypeof[0m window !== [32m"undefined"[0m) [36mreturn[0m.[32m..[0m
  [90m  |[0m                                                [31m[1m^[0m
  [90m2 |[0m ...
  [90m3 |[0m ...
  [90m4 |[0m ...[36mc[0m data?: unknown) {

Parsing ecmascript source code failed

Import traces:
  Client Component Browser:
    ./lib/api.ts [Client Component Browser]
    ./app/login/page.tsx [Client Component Browser]
    ./app/login/page.tsx [Server Component]

  Client Component SSR:
    ./lib/api.ts [Client Component SSR]
    ./app/login/page.tsx [Client Component SSR]
    ./app/login/page.tsx [Server Component]


[browser] Uncaught Error: ./lib/api.ts:1:104
Expected ';', '}' or <eof>
> 1 | ...RL) return process.env.NEXT_PUBLIC_API_URL;`n  if (typeof window !== "undefined") return...
    |                                                ^
  2 | ...
  3 | ...
  4 | ...c data?: unknown) {

Parsing ecmascript source code failed

Import traces:
  Client Component Browser:
    ./lib/api.ts [Client Component Browser]
    ./app/login/page.tsx [Client Component Browser]
    ./app/login/page.tsx [Server Component]

  Client Component SSR:
    ./lib/api.ts [Client Component SSR]
    ./app/login/page.tsx [Client Component SSR]
    ./app/login/page.tsx [Server Component]


    at <unknown> (Error: ./lib/api.ts:1:104)
    at <unknown> (Error: (./lib/api.ts:1:104)
[browser] ./lib/api.ts:1:104
Expected ';', '}' or <eof>
> 1 | ...RL) return process.env.NEXT_PUBLIC_API_URL;`n  if (typeof window !== "undefined") return...
    |                                                ^
  2 | ...
  3 | ...
  4 | ...c data?: unknown) {

Parsing ecmascript source code failed

Import traces:
  Client Component Browser:
    ./lib/api.ts [Client Component Browser]
    ./app/login/page.tsx [Client Component Browser]
    ./app/login/page.tsx [Server Component]

  Client Component SSR:
    ./lib/api.ts [Client Component SSR]
    ./app/login/page.tsx [Client Component SSR]
    ./app/login/page.tsx [Server Component] 
[browser] ./lib/api.ts:1:104
Expected ';', '}' or <eof>
> 1 | ...RL) return process.env.NEXT_PUBLIC_API_URL;`n  if (typeof window !== "undefined") return...
    |                                                ^
  2 | ...
  3 | ...
  4 | ...c data?: unknown) {

Parsing ecmascript source code failed

Import traces:
  #1 [Client Component Browser]:
    ./lib/api.ts [Client Component Browser]
    ./app/(protected)/dashboard/page.tsx [Client Component Browser]
    ./app/(protected)/dashboard/page.tsx [Server Component]

  #2 [Client Component SSR]:
    ./lib/api.ts [Client Component SSR]
    ./app/(protected)/dashboard/page.tsx [Client Component SSR]
    ./app/(protected)/dashboard/page.tsx [Server Component]

  #3 [Client Component Browser]:
    ./lib/api.ts [Client Component Browser]
    ./components/app-shell.tsx [Client Component Browser]
    ./components/app-shell.tsx [Server Component]
    ./app/(protected)/layout.tsx [Server Component]

  #4 [Client Component SSR]:
    ./lib/api.ts [Client Component SSR]
    ./components/app-shell.tsx [Client Component SSR]
    ./components/app-shell.tsx [Server Component]
    ./app/(protected)/layout.tsx [Server Component] 
[browser] ./lib/api.ts:1:104
Expected ';', '}' or <eof>
> 1 | ...RL) return process.env.NEXT_PUBLIC_API_URL;`n  if (typeof window !== "undefined") return...
    |                                                ^
  2 | ...
  3 | ...
  4 | ...c data?: unknown) {

Parsing ecmascript source code failed

Import traces:
  #1 [Client Component Browser]:
    ./lib/api.ts [Client Component Browser]
    ./app/(protected)/students/page.tsx [Client Component Browser]
    ./app/(protected)/students/page.tsx [Server Component]

  #2 [Client Component SSR]:
    ./lib/api.ts [Client Component SSR]
    ./app/(protected)/students/page.tsx [Client Component SSR]
    ./app/(protected)/students/page.tsx [Server Component]

  #3 [Client Component Browser]:
    ./lib/api.ts [Client Component Browser]
    ./components/app-shell.tsx [Client Component Browser]
    ./components/app-shell.tsx [Server Component]
    ./app/(protected)/layout.tsx [Server Component]

  #4 [Client Component SSR]:
    ./lib/api.ts [Client Component SSR]
    ./components/app-shell.tsx [Client Component SSR]
    ./components/app-shell.tsx [Server Component]
    ./app/(protected)/layout.tsx [Server Component] 
[browser] ./lib/api.ts:1:104
Expected ';', '}' or <eof>
> 1 | ...RL) return process.env.NEXT_PUBLIC_API_URL;`n  if (typeof window !== "undefined") return...
    |                                                ^
  2 | ...
  3 | ...
  4 | ...c data?: unknown) {

Parsing ecmascript source code failed

Import traces:
  #1 [Client Component Browser]:
    ./lib/api.ts [Client Component Browser]
    ./app/(protected)/student-accounts/page.tsx [Client Component Browser]
    ./app/(protected)/student-accounts/page.tsx [Server Component]

  #2 [Client Component SSR]:
    ./lib/api.ts [Client Component SSR]
    ./app/(protected)/student-accounts/page.tsx [Client Component SSR]
    ./app/(protected)/student-accounts/page.tsx [Server Component]

  #3 [Client Component Browser]:
    ./lib/api.ts [Client Component Browser]
    ./components/app-shell.tsx [Client Component Browser]
    ./components/app-shell.tsx [Server Component]
    ./app/(protected)/layout.tsx [Server Component]

  #4 [Client Component SSR]:
    ./lib/api.ts [Client Component SSR]
    ./components/app-shell.tsx [Client Component SSR]
    ./components/app-shell.tsx [Server Component]
    ./app/(protected)/layout.tsx [Server Component] 
[browser] ./lib/api.ts:1:104
Expected ';', '}' or <eof>
> 1 | ...RL) return process.env.NEXT_PUBLIC_API_URL;`n  if (typeof window !== "undefined") return...
    |                                                ^
  2 | ...
  3 | ...
  4 | ...c data?: unknown) {

Parsing ecmascript source code failed

Import traces:
  Client Component Browser:
    ./lib/api.ts [Client Component Browser]
    ./app/check-in/page.tsx [Client Component Browser]
    ./app/check-in/page.tsx [Server Component]

  Client Component SSR:
    ./lib/api.ts [Client Component SSR]
    ./app/check-in/page.tsx [Client Component SSR]
    ./app/check-in/page.tsx [Server Component] 
[browser] ./lib/api.ts:1:104
Expected ';', '}' or <eof>
> 1 | ...RL) return process.env.NEXT_PUBLIC_API_URL;`n  if (typeof window !== "undefined") return...
    |                                                ^
  2 | ...
  3 | ...
  4 | ...c data?: unknown) {

Parsing ecmascript source code failed

Import traces:
  #1 [Client Component Browser]:
    ./lib/api.ts [Client Component Browser]
    ./app/(protected)/attendance/page.tsx [Client Component Browser]
    ./app/(protected)/attendance/page.tsx [Server Component]

  #2 [Client Component SSR]:
    ./lib/api.ts [Client Component SSR]
    ./app/(protected)/attendance/page.tsx [Client Component SSR]
    ./app/(protected)/attendance/page.tsx [Server Component]

  #3 [Client Component Browser]:
    ./lib/api.ts [Client Component Browser]
    ./components/app-shell.tsx [Client Component Browser]
    ./components/app-shell.tsx [Server Component]
    ./app/(protected)/layout.tsx [Server Component]

  #4 [Client Component SSR]:
    ./lib/api.ts [Client Component SSR]
    ./components/app-shell.tsx [Client Component SSR]
    ./components/app-shell.tsx [Server Component]
    ./app/(protected)/layout.tsx [Server Component] 
[browser] ./lib/api.ts:1:104
Expected ';', '}' or <eof>
> 1 | ...RL) return process.env.NEXT_PUBLIC_API_URL;`n  if (typeof window !== "undefined") return...
    |                                                ^
  2 | ...
  3 | ...
  4 | ...c data?: unknown) {

Parsing ecmascript source code failed

Import traces:
  #1 [Client Component Browser]:
    ./lib/api.ts [Client Component Browser]
    ./app/(protected)/attendance-logs/page.tsx [Client Component Browser]
    ./app/(protected)/attendance-logs/page.tsx [Server Component]

  #2 [Client Component SSR]:
    ./lib/api.ts [Client Component SSR]
    ./app/(protected)/attendance-logs/page.tsx [Client Component SSR]
    ./app/(protected)/attendance-logs/page.tsx [Server Component]

  #3 [Client Component Browser]:
    ./lib/api.ts [Client Component Browser]
    ./components/app-shell.tsx [Client Component Browser]
    ./components/app-shell.tsx [Server Component]
    ./app/(protected)/layout.tsx [Server Component]

  #4 [Client Component SSR]:
    ./lib/api.ts [Client Component SSR]
    ./components/app-shell.tsx [Client Component SSR]
    ./components/app-shell.tsx [Server Component]
    ./app/(protected)/layout.tsx [Server Component] 
[browser] ./lib/api.ts:1:104
Expected ';', '}' or <eof>
> 1 | ...RL) return process.env.NEXT_PUBLIC_API_URL;`n  if (typeof window !== "undefined") return...
    |                                                ^
  2 | ...
  3 | ...
  4 | ...c data?: unknown) {

Parsing ecmascript source code failed

Import traces:
  #1 [Client Component Browser]:
    ./lib/api.ts [Client Component Browser]
    ./app/(protected)/leave-requests/page.tsx [Client Component Browser]
    ./app/(protected)/leave-requests/page.tsx [Server Component]

  #2 [Client Component SSR]:
    ./lib/api.ts [Client Component SSR]
    ./app/(protected)/leave-requests/page.tsx [Client Component SSR]
    ./app/(protected)/leave-requests/page.tsx [Server Component]

  #3 [Client Component Browser]:
    ./lib/api.ts [Client Component Browser]
    ./components/app-shell.tsx [Client Component Browser]
    ./components/app-shell.tsx [Server Component]
    ./app/(protected)/layout.tsx [Server Component]

  #4 [Client Component SSR]:
    ./lib/api.ts [Client Component SSR]
    ./components/app-shell.tsx [Client Component SSR]
    ./components/app-shell.tsx [Server Component]
    ./app/(protected)/layout.tsx [Server Component] 
[browser] ./lib/api.ts:1:104
Expected ';', '}' or <eof>
> 1 | ...RL) return process.env.NEXT_PUBLIC_API_URL;`n  if (typeof window !== "undefined") return...
    |                                                ^
  2 | ...
  3 | ...
  4 | ...c data?: unknown) {

Parsing ecmascript source code failed

Import traces:
  Client Component Browser:
    ./lib/api.ts [Client Component Browser]
    ./app/register/page.tsx [Client Component Browser]
    ./app/register/page.tsx [Server Component]

  Client Component SSR:
    ./lib/api.ts [Client Component SSR]
    ./app/register/page.tsx [Client Component SSR]
    ./app/register/page.tsx [Server Component] 
[browser] ./lib/api.ts:1:104
Expected ';', '}' or <eof>
> 1 | ...RL) return process.env.NEXT_PUBLIC_API_URL;`n  if (typeof window !== "undefined") return...
    |                                                ^
  2 | ...
  3 | ...
  4 | ...c data?: unknown) {

Parsing ecmascript source code failed

Import traces:
  Client Component Browser:
    ./lib/api.ts [Client Component Browser]
    ./app/login/page.tsx [Client Component Browser]
    ./app/login/page.tsx [Server Component]

  Client Component SSR:
    ./lib/api.ts [Client Component SSR]
    ./app/login/page.tsx [Client Component SSR]
    ./app/login/page.tsx [Server Component] 
⨯ ./lib/api.ts:1:104
Expected ';', '}' or <eof>
[31m[1m>[0m [90m1 |[0m ...[32mRL) return process.env.NEXT_PUBLIC_API_URL;`[0mn  [36mif[0m ([36mtypeof[0m window !== [32m"undefined"[0m) [36mreturn[0m.[32m..[0m
  [90m  |[0m                                                [31m[1m^[0m
  [90m2 |[0m ...
  [90m3 |[0m ...
  [90m4 |[0m ...[36mc[0m data?: unknown) {

Parsing ecmascript source code failed

Import traces:
  Client Component Browser:
    ./lib/api.ts [Client Component Browser]
    ./app/login/page.tsx [Client Component Browser]
    ./app/login/page.tsx [Server Component]

  Client Component SSR:
    ./lib/api.ts [Client Component SSR]
    ./app/login/page.tsx [Client Component SSR]
    ./app/login/page.tsx [Server Component]


[browser] Uncaught Error: ./lib/api.ts:1:104
Expected ';', '}' or <eof>
> 1 | ...RL) return process.env.NEXT_PUBLIC_API_URL;`n  if (typeof window !== "undefined") return...
    |                                                ^
  2 | ...
  3 | ...
  4 | ...c data?: unknown) {

Parsing ecmascript source code failed

Import traces:
  Client Component Browser:
    ./lib/api.ts [Client Component Browser]
    ./app/login/page.tsx [Client Component Browser]
    ./app/login/page.tsx [Server Component]

  Client Component SSR:
    ./lib/api.ts [Client Component SSR]
    ./app/login/page.tsx [Client Component SSR]
    ./app/login/page.tsx [Server Component]


    at <unknown> (Error: ./lib/api.ts:1:104)
    at <unknown> (Error: (./lib/api.ts:1:104)
[browser] ./lib/api.ts:1:104
Expected ';', '}' or <eof>
> 1 | ...RL) return process.env.NEXT_PUBLIC_API_URL;`n  if (typeof window !== "undefined") return...
    |                                                ^
  2 | ...
  3 | ...
  4 | ...c data?: unknown) {

Parsing ecmascript source code failed

Import traces:
  Client Component Browser:
    ./lib/api.ts [Client Component Browser]
    ./app/login/page.tsx [Client Component Browser]
    ./app/login/page.tsx [Server Component]

  Client Component SSR:
    ./lib/api.ts [Client Component SSR]
    ./app/login/page.tsx [Client Component SSR]
    ./app/login/page.tsx [Server Component] 
[browser] ./lib/api.ts:1:104
Expected ';', '}' or <eof>
> 1 | ...RL) return process.env.NEXT_PUBLIC_API_URL;`n  if (typeof window !== "undefined") return...
    |                                                ^
  2 | ...
  3 | ...
  4 | ...c data?: unknown) {

Parsing ecmascript source code failed

Import traces:
  Client Component Browser:
    ./lib/api.ts [Client Component Browser]
    ./app/login/page.tsx [Client Component Browser]
    ./app/login/page.tsx [Server Component]

  Client Component SSR:
    ./lib/api.ts [Client Component SSR]
    ./app/login/page.tsx [Client Component SSR]
    ./app/login/page.tsx [Server Component] 
[browser] ./lib/api.ts:1:104
Expected ';', '}' or <eof>
> 1 | ...RL) return process.env.NEXT_PUBLIC_API_URL;`n  if (typeof window !== "undefined") return...
    |                                                ^
  2 | ...
  3 | ...
  4 | ...c data?: unknown) {

Parsing ecmascript source code failed

Import traces:
  #1 [Client Component Browser]:
    ./lib/api.ts [Client Component Browser]
    ./app/(protected)/dashboard/page.tsx [Client Component Browser]
    ./app/(protected)/dashboard/page.tsx [Server Component]

  #2 [Client Component SSR]:
    ./lib/api.ts [Client Component SSR]
    ./app/(protected)/dashboard/page.tsx [Client Component SSR]
    ./app/(protected)/dashboard/page.tsx [Server Component]

  #3 [Client Component Browser]:
    ./lib/api.ts [Client Component Browser]
    ./components/app-shell.tsx [Client Component Browser]
    ./components/app-shell.tsx [Server Component]
    ./app/(protected)/layout.tsx [Server Component]

  #4 [Client Component SSR]:
    ./lib/api.ts [Client Component SSR]
    ./components/app-shell.tsx [Client Component SSR]
    ./components/app-shell.tsx [Server Component]
    ./app/(protected)/layout.tsx [Server Component] 
[browser] ./lib/api.ts:1:104
Expected ';', '}' or <eof>
> 1 | ...RL) return process.env.NEXT_PUBLIC_API_URL;`n  if (typeof window !== "undefined") return...
    |                                                ^
  2 | ...
  3 | ...
  4 | ...c data?: unknown) {

Parsing ecmascript source code failed

Import traces:
  #1 [Client Component Browser]:
    ./lib/api.ts [Client Component Browser]
    ./app/(protected)/students/page.tsx [Client Component Browser]
    ./app/(protected)/students/page.tsx [Server Component]

  #2 [Client Component SSR]:
    ./lib/api.ts [Client Component SSR]
    ./app/(protected)/students/page.tsx [Client Component SSR]
    ./app/(protected)/students/page.tsx [Server Component]

  #3 [Client Component Browser]:
    ./lib/api.ts [Client Component Browser]
    ./components/app-shell.tsx [Client Component Browser]
    ./components/app-shell.tsx [Server Component]
    ./app/(protected)/layout.tsx [Server Component]

  #4 [Client Component SSR]:
    ./lib/api.ts [Client Component SSR]
    ./components/app-shell.tsx [Client Component SSR]
    ./components/app-shell.tsx [Server Component]
    ./app/(protected)/layout.tsx [Server Component] 
[browser] ./lib/api.ts:1:104
Expected ';', '}' or <eof>
> 1 | ...RL) return process.env.NEXT_PUBLIC_API_URL;`n  if (typeof window !== "undefined") return...
    |                                                ^
  2 | ...
  3 | ...
  4 | ...c data?: unknown) {

Parsing ecmascript source code failed

Import traces:
  #1 [Client Component Browser]:
    ./lib/api.ts [Client Component Browser]
    ./app/(protected)/student-accounts/page.tsx [Client Component Browser]
    ./app/(protected)/student-accounts/page.tsx [Server Component]

  #2 [Client Component SSR]:
    ./lib/api.ts [Client Component SSR]
    ./app/(protected)/student-accounts/page.tsx [Client Component SSR]
    ./app/(protected)/student-accounts/page.tsx [Server Component]

  #3 [Client Component Browser]:
    ./lib/api.ts [Client Component Browser]
    ./components/app-shell.tsx [Client Component Browser]
    ./components/app-shell.tsx [Server Component]
    ./app/(protected)/layout.tsx [Server Component]

  #4 [Client Component SSR]:
    ./lib/api.ts [Client Component SSR]
    ./components/app-shell.tsx [Client Component SSR]
    ./components/app-shell.tsx [Server Component]
    ./app/(protected)/layout.tsx [Server Component] 
[browser] ./lib/api.ts:1:104
Expected ';', '}' or <eof>
> 1 | ...RL) return process.env.NEXT_PUBLIC_API_URL;`n  if (typeof window !== "undefined") return...
    |                                                ^
  2 | ...
  3 | ...
  4 | ...c data?: unknown) {

Parsing ecmascript source code failed

Import traces:
  Client Component Browser:
    ./lib/api.ts [Client Component Browser]
    ./app/check-in/page.tsx [Client Component Browser]
    ./app/check-in/page.tsx [Server Component]

  Client Component SSR:
    ./lib/api.ts [Client Component SSR]
    ./app/check-in/page.tsx [Client Component SSR]
    ./app/check-in/page.tsx [Server Component] 
[browser] ./lib/api.ts:1:104
Expected ';', '}' or <eof>
> 1 | ...RL) return process.env.NEXT_PUBLIC_API_URL;`n  if (typeof window !== "undefined") return...
    |                                                ^
  2 | ...
  3 | ...
  4 | ...c data?: unknown) {

Parsing ecmascript source code failed

Import traces:
  #1 [Client Component Browser]:
    ./lib/api.ts [Client Component Browser]
    ./app/(protected)/attendance/page.tsx [Client Component Browser]
    ./app/(protected)/attendance/page.tsx [Server Component]

  #2 [Client Component SSR]:
    ./lib/api.ts [Client Component SSR]
    ./app/(protected)/attendance/page.tsx [Client Component SSR]
    ./app/(protected)/attendance/page.tsx [Server Component]

  #3 [Client Component Browser]:
    ./lib/api.ts [Client Component Browser]
    ./components/app-shell.tsx [Client Component Browser]
    ./components/app-shell.tsx [Server Component]
    ./app/(protected)/layout.tsx [Server Component]

  #4 [Client Component SSR]:
    ./lib/api.ts [Client Component SSR]
    ./components/app-shell.tsx [Client Component SSR]
    ./components/app-shell.tsx [Server Component]
    ./app/(protected)/layout.tsx [Server Component] 
[browser] ./lib/api.ts:1:104
Expected ';', '}' or <eof>
> 1 | ...RL) return process.env.NEXT_PUBLIC_API_URL;`n  if (typeof window !== "undefined") return...
    |                                                ^
  2 | ...
  3 | ...
  4 | ...c data?: unknown) {

Parsing ecmascript source code failed

Import traces:
  #1 [Client Component Browser]:
    ./lib/api.ts [Client Component Browser]
    ./app/(protected)/attendance-logs/page.tsx [Client Component Browser]
    ./app/(protected)/attendance-logs/page.tsx [Server Component]

  #2 [Client Component SSR]:
    ./lib/api.ts [Client Component SSR]
    ./app/(protected)/attendance-logs/page.tsx [Client Component SSR]
    ./app/(protected)/attendance-logs/page.tsx [Server Component]

  #3 [Client Component Browser]:
    ./lib/api.ts [Client Component Browser]
    ./components/app-shell.tsx [Client Component Browser]
    ./components/app-shell.tsx [Server Component]
    ./app/(protected)/layout.tsx [Server Component]

  #4 [Client Component SSR]:
    ./lib/api.ts [Client Component SSR]
    ./components/app-shell.tsx [Client Component SSR]
    ./components/app-shell.tsx [Server Component]
    ./app/(protected)/layout.tsx [Server Component] 
[browser] ./lib/api.ts:1:104
Expected ';', '}' or <eof>
> 1 | ...RL) return process.env.NEXT_PUBLIC_API_URL;`n  if (typeof window !== "undefined") return...
    |                                                ^
  2 | ...
  3 | ...
  4 | ...c data?: unknown) {

Parsing ecmascript source code failed

Import traces:
  #1 [Client Component Browser]:
    ./lib/api.ts [Client Component Browser]
    ./app/(protected)/leave-requests/page.tsx [Client Component Browser]
    ./app/(protected)/leave-requests/page.tsx [Server Component]

  #2 [Client Component SSR]:
    ./lib/api.ts [Client Component SSR]
    ./app/(protected)/leave-requests/page.tsx [Client Component SSR]
    ./app/(protected)/leave-requests/page.tsx [Server Component]

  #3 [Client Component Browser]:
    ./lib/api.ts [Client Component Browser]
    ./components/app-shell.tsx [Client Component Browser]
    ./components/app-shell.tsx [Server Component]
    ./app/(protected)/layout.tsx [Server Component]

  #4 [Client Component SSR]:
    ./lib/api.ts [Client Component SSR]
    ./components/app-shell.tsx [Client Component SSR]
    ./components/app-shell.tsx [Server Component]
    ./app/(protected)/layout.tsx [Server Component] 
[browser] ./lib/api.ts:1:104
Expected ';', '}' or <eof>
> 1 | ...RL) return process.env.NEXT_PUBLIC_API_URL;`n  if (typeof window !== "undefined") return...
    |                                                ^
  2 | ...
  3 | ...
  4 | ...c data?: unknown) {

Parsing ecmascript source code failed

Import traces:
  Client Component Browser:
    ./lib/api.ts [Client Component Browser]
    ./app/register/page.tsx [Client Component Browser]
    ./app/register/page.tsx [Server Component]

  Client Component SSR:
    ./lib/api.ts [Client Component SSR]
    ./app/register/page.tsx [Client Component SSR]
    ./app/register/page.tsx [Server Component] 
[browser] ./lib/api.ts:1:104
Expected ';', '}' or <eof>
> 1 | ...RL) return process.env.NEXT_PUBLIC_API_URL;`n  if (typeof window !== "undefined") return...
    |                                                ^
  2 | ...
  3 | ...
  4 | ...c data?: unknown) {

Parsing ecmascript source code failed

Import traces:
  Client Component Browser:
    ./lib/api.ts [Client Component Browser]
    ./app/login/page.tsx [Client Component Browser]
    ./app/login/page.tsx [Server Component]

  Client Component SSR:
    ./lib/api.ts [Client Component SSR]
    ./app/login/page.tsx [Client Component SSR]
    ./app/login/page.tsx [Server Component] 
⨯ ./lib/api.ts:1:104
Expected ';', '}' or <eof>
[31m[1m>[0m [90m1 |[0m ...[32mRL) return process.env.NEXT_PUBLIC_API_URL;`[0mn  [36mif[0m ([36mtypeof[0m window !== [32m"undefined"[0m) [36mreturn[0m.[32m..[0m
  [90m  |[0m                                                [31m[1m^[0m
  [90m2 |[0m ...
  [90m3 |[0m ...
  [90m4 |[0m ...[36mc[0m data?: unknown) {

Parsing ecmascript source code failed

Import traces:
  Client Component Browser:
    ./lib/api.ts [Client Component Browser]
    ./app/login/page.tsx [Client Component Browser]
    ./app/login/page.tsx [Server Component]

  Client Component SSR:
    ./lib/api.ts [Client Component SSR]
    ./app/login/page.tsx [Client Component SSR]
    ./app/login/page.tsx [Server Component]


[browser] Uncaught Error: ./lib/api.ts:1:104
Expected ';', '}' or <eof>
> 1 | ...RL) return process.env.NEXT_PUBLIC_API_URL;`n  if (typeof window !== "undefined") return...
    |                                                ^
  2 | ...
  3 | ...
  4 | ...c data?: unknown) {

Parsing ecmascript source code failed

Import traces:
  Client Component Browser:
    ./lib/api.ts [Client Component Browser]
    ./app/login/page.tsx [Client Component Browser]
    ./app/login/page.tsx [Server Component]

  Client Component SSR:
    ./lib/api.ts [Client Component SSR]
    ./app/login/page.tsx [Client Component SSR]
    ./app/login/page.tsx [Server Component]


    at <unknown> (Error: ./lib/api.ts:1:104)
    at <unknown> (Error: (./lib/api.ts:1:104)
[browser] ./lib/api.ts:1:104
Expected ';', '}' or <eof>
> 1 | ...RL) return process.env.NEXT_PUBLIC_API_URL;`n  if (typeof window !== "undefined") return...
    |                                                ^
  2 | ...
  3 | ...
  4 | ...c data?: unknown) {

Parsing ecmascript source code failed

Import traces:
  Client Component Browser:
    ./lib/api.ts [Client Component Browser]
    ./app/login/page.tsx [Client Component Browser]
    ./app/login/page.tsx [Server Component]

  Client Component SSR:
    ./lib/api.ts [Client Component SSR]
    ./app/login/page.tsx [Client Component SSR]
    ./app/login/page.tsx [Server Component] 
[browser] ./lib/api.ts:1:104
Expected ';', '}' or <eof>
> 1 | ...RL) return process.env.NEXT_PUBLIC_API_URL;`n  if (typeof window !== "undefined") return...
    |                                                ^
  2 | ...
  3 | ...
  4 | ...c data?: unknown) {

Parsing ecmascript source code failed

Import traces:
  #1 [Client Component Browser]:
    ./lib/api.ts [Client Component Browser]
    ./app/(protected)/dashboard/page.tsx [Client Component Browser]
    ./app/(protected)/dashboard/page.tsx [Server Component]

  #2 [Client Component SSR]:
    ./lib/api.ts [Client Component SSR]
    ./app/(protected)/dashboard/page.tsx [Client Component SSR]
    ./app/(protected)/dashboard/page.tsx [Server Component]

  #3 [Client Component Browser]:
    ./lib/api.ts [Client Component Browser]
    ./components/app-shell.tsx [Client Component Browser]
    ./components/app-shell.tsx [Server Component]
    ./app/(protected)/layout.tsx [Server Component]

  #4 [Client Component SSR]:
    ./lib/api.ts [Client Component SSR]
    ./components/app-shell.tsx [Client Component SSR]
    ./components/app-shell.tsx [Server Component]
    ./app/(protected)/layout.tsx [Server Component] 
[browser] ./lib/api.ts:1:104
Expected ';', '}' or <eof>
> 1 | ...RL) return process.env.NEXT_PUBLIC_API_URL;`n  if (typeof window !== "undefined") return...
    |                                                ^
  2 | ...
  3 | ...
  4 | ...c data?: unknown) {

Parsing ecmascript source code failed

Import traces:
  #1 [Client Component Browser]:
    ./lib/api.ts [Client Component Browser]
    ./app/(protected)/students/page.tsx [Client Component Browser]
    ./app/(protected)/students/page.tsx [Server Component]

  #2 [Client Component SSR]:
    ./lib/api.ts [Client Component SSR]
    ./app/(protected)/students/page.tsx [Client Component SSR]
    ./app/(protected)/students/page.tsx [Server Component]

  #3 [Client Component Browser]:
    ./lib/api.ts [Client Component Browser]
    ./components/app-shell.tsx [Client Component Browser]
    ./components/app-shell.tsx [Server Component]
    ./app/(protected)/layout.tsx [Server Component]

  #4 [Client Component SSR]:
    ./lib/api.ts [Client Component SSR]
    ./components/app-shell.tsx [Client Component SSR]
    ./components/app-shell.tsx [Server Component]
    ./app/(protected)/layout.tsx [Server Component] 
[browser] ./lib/api.ts:1:104
Expected ';', '}' or <eof>
> 1 | ...RL) return process.env.NEXT_PUBLIC_API_URL;`n  if (typeof window !== "undefined") return...
    |                                                ^
  2 | ...
  3 | ...
  4 | ...c data?: unknown) {

Parsing ecmascript source code failed

Import traces:
  #1 [Client Component Browser]:
    ./lib/api.ts [Client Component Browser]
    ./app/(protected)/student-accounts/page.tsx [Client Component Browser]
    ./app/(protected)/student-accounts/page.tsx [Server Component]

  #2 [Client Component SSR]:
    ./lib/api.ts [Client Component SSR]
    ./app/(protected)/student-accounts/page.tsx [Client Component SSR]
    ./app/(protected)/student-accounts/page.tsx [Server Component]

  #3 [Client Component Browser]:
    ./lib/api.ts [Client Component Browser]
    ./components/app-shell.tsx [Client Component Browser]
    ./components/app-shell.tsx [Server Component]
    ./app/(protected)/layout.tsx [Server Component]

  #4 [Client Component SSR]:
    ./lib/api.ts [Client Component SSR]
    ./components/app-shell.tsx [Client Component SSR]
    ./components/app-shell.tsx [Server Component]
    ./app/(protected)/layout.tsx [Server Component] 
[browser] ./lib/api.ts:1:104
Expected ';', '}' or <eof>
> 1 | ...RL) return process.env.NEXT_PUBLIC_API_URL;`n  if (typeof window !== "undefined") return...
    |                                                ^
  2 | ...
  3 | ...
  4 | ...c data?: unknown) {

Parsing ecmascript source code failed

Import traces:
  Client Component Browser:
    ./lib/api.ts [Client Component Browser]
    ./app/check-in/page.tsx [Client Component Browser]
    ./app/check-in/page.tsx [Server Component]

  Client Component SSR:
    ./lib/api.ts [Client Component SSR]
    ./app/check-in/page.tsx [Client Component SSR]
    ./app/check-in/page.tsx [Server Component] 
[browser] ./lib/api.ts:1:104
Expected ';', '}' or <eof>
> 1 | ...RL) return process.env.NEXT_PUBLIC_API_URL;`n  if (typeof window !== "undefined") return...
    |                                                ^
  2 | ...
  3 | ...
  4 | ...c data?: unknown) {

Parsing ecmascript source code failed

Import traces:
  #1 [Client Component Browser]:
    ./lib/api.ts [Client Component Browser]
    ./app/(protected)/attendance/page.tsx [Client Component Browser]
    ./app/(protected)/attendance/page.tsx [Server Component]

  #2 [Client Component SSR]:
    ./lib/api.ts [Client Component SSR]
    ./app/(protected)/attendance/page.tsx [Client Component SSR]
    ./app/(protected)/attendance/page.tsx [Server Component]

  #3 [Client Component Browser]:
    ./lib/api.ts [Client Component Browser]
    ./components/app-shell.tsx [Client Component Browser]
    ./components/app-shell.tsx [Server Component]
    ./app/(protected)/layout.tsx [Server Component]

  #4 [Client Component SSR]:
    ./lib/api.ts [Client Component SSR]
    ./components/app-shell.tsx [Client Component SSR]
    ./components/app-shell.tsx [Server Component]
    ./app/(protected)/layout.tsx [Server Component] 
[browser] ./lib/api.ts:1:104
Expected ';', '}' or <eof>
> 1 | ...RL) return process.env.NEXT_PUBLIC_API_URL;`n  if (typeof window !== "undefined") return...
    |                                                ^
  2 | ...
  3 | ...
  4 | ...c data?: unknown) {

Parsing ecmascript source code failed

Import traces:
  #1 [Client Component Browser]:
    ./lib/api.ts [Client Component Browser]
    ./app/(protected)/attendance-logs/page.tsx [Client Component Browser]
    ./app/(protected)/attendance-logs/page.tsx [Server Component]

  #2 [Client Component SSR]:
    ./lib/api.ts [Client Component SSR]
    ./app/(protected)/attendance-logs/page.tsx [Client Component SSR]
    ./app/(protected)/attendance-logs/page.tsx [Server Component]

  #3 [Client Component Browser]:
    ./lib/api.ts [Client Component Browser]
    ./components/app-shell.tsx [Client Component Browser]
    ./components/app-shell.tsx [Server Component]
    ./app/(protected)/layout.tsx [Server Component]

  #4 [Client Component SSR]:
    ./lib/api.ts [Client Component SSR]
    ./components/app-shell.tsx [Client Component SSR]
    ./components/app-shell.tsx [Server Component]
    ./app/(protected)/layout.tsx [Server Component] 
[browser] ./lib/api.ts:1:104
Expected ';', '}' or <eof>
> 1 | ...RL) return process.env.NEXT_PUBLIC_API_URL;`n  if (typeof window !== "undefined") return...
    |                                                ^
  2 | ...
  3 | ...
  4 | ...c data?: unknown) {

Parsing ecmascript source code failed

Import traces:
  #1 [Client Component Browser]:
    ./lib/api.ts [Client Component Browser]
    ./app/(protected)/leave-requests/page.tsx [Client Component Browser]
    ./app/(protected)/leave-requests/page.tsx [Server Component]

  #2 [Client Component SSR]:
    ./lib/api.ts [Client Component SSR]
    ./app/(protected)/leave-requests/page.tsx [Client Component SSR]
    ./app/(protected)/leave-requests/page.tsx [Server Component]

  #3 [Client Component Browser]:
    ./lib/api.ts [Client Component Browser]
    ./components/app-shell.tsx [Client Component Browser]
    ./components/app-shell.tsx [Server Component]
    ./app/(protected)/layout.tsx [Server Component]

  #4 [Client Component SSR]:
    ./lib/api.ts [Client Component SSR]
    ./components/app-shell.tsx [Client Component SSR]
    ./components/app-shell.tsx [Server Component]
    ./app/(protected)/layout.tsx [Server Component] 
[browser] ./lib/api.ts:1:104
Expected ';', '}' or <eof>
> 1 | ...RL) return process.env.NEXT_PUBLIC_API_URL;`n  if (typeof window !== "undefined") return...
    |                                                ^
  2 | ...
  3 | ...
  4 | ...c data?: unknown) {

Parsing ecmascript source code failed

Import traces:
  Client Component Browser:
    ./lib/api.ts [Client Component Browser]
    ./app/register/page.tsx [Client Component Browser]
    ./app/register/page.tsx [Server Component]

  Client Component SSR:
    ./lib/api.ts [Client Component SSR]
    ./app/register/page.tsx [Client Component SSR]
    ./app/register/page.tsx [Server Component] 
[browser] ./lib/api.ts:1:104
Expected ';', '}' or <eof>
> 1 | ...RL) return process.env.NEXT_PUBLIC_API_URL;`n  if (typeof window !== "undefined") return...
    |                                                ^
  2 | ...
  3 | ...
  4 | ...c data?: unknown) {

Parsing ecmascript source code failed

Import traces:
  Client Component Browser:
    ./lib/api.ts [Client Component Browser]
    ./app/login/page.tsx [Client Component Browser]
    ./app/login/page.tsx [Server Component]

  Client Component SSR:
    ./lib/api.ts [Client Component SSR]
    ./app/login/page.tsx [Client Component SSR]
    ./app/login/page.tsx [Server Component] 
⨯ ./lib/api.ts:1:104
Expected ';', '}' or <eof>
[31m[1m>[0m [90m1 |[0m ...[32mRL) return process.env.NEXT_PUBLIC_API_URL;`[0mn  [36mif[0m ([36mtypeof[0m window !== [32m"undefined"[0m) [36mreturn[0m.[32m..[0m
  [90m  |[0m                                                [31m[1m^[0m
  [90m2 |[0m ...
  [90m3 |[0m ...
  [90m4 |[0m ...[36mc[0m data?: unknown) {

Parsing ecmascript source code failed

Import traces:
  Client Component Browser:
    ./lib/api.ts [Client Component Browser]
    ./app/login/page.tsx [Client Component Browser]
    ./app/login/page.tsx [Server Component]

  Client Component SSR:
    ./lib/api.ts [Client Component SSR]
    ./app/login/page.tsx [Client Component SSR]
    ./app/login/page.tsx [Server Component]


[browser] Uncaught Error: ./lib/api.ts:1:104
Expected ';', '}' or <eof>
> 1 | ...RL) return process.env.NEXT_PUBLIC_API_URL;`n  if (typeof window !== "undefined") return...
    |                                                ^
  2 | ...
  3 | ...
  4 | ...c data?: unknown) {

Parsing ecmascript source code failed

Import traces:
  Client Component Browser:
    ./lib/api.ts [Client Component Browser]
    ./app/login/page.tsx [Client Component Browser]
    ./app/login/page.tsx [Server Component]

  Client Component SSR:
    ./lib/api.ts [Client Component SSR]
    ./app/login/page.tsx [Client Component SSR]
    ./app/login/page.tsx [Server Component]


    at <unknown> (Error: ./lib/api.ts:1:104)
    at <unknown> (Error: (./lib/api.ts:1:104)
[browser] ./lib/api.ts:1:104
Expected ';', '}' or <eof>
> 1 | ...RL) return process.env.NEXT_PUBLIC_API_URL;`n  if (typeof window !== "undefined") return...
    |                                                ^
  2 | ...
  3 | ...
  4 | ...c data?: unknown) {

Parsing ecmascript source code failed

Import traces:
  Client Component Browser:
    ./lib/api.ts [Client Component Browser]
    ./app/login/page.tsx [Client Component Browser]
    ./app/login/page.tsx [Server Component]

  Client Component SSR:
    ./lib/api.ts [Client Component SSR]
    ./app/login/page.tsx [Client Component SSR]
    ./app/login/page.tsx [Server Component] 
[browser] ./lib/api.ts:1:104
Expected ';', '}' or <eof>
> 1 | ...RL) return process.env.NEXT_PUBLIC_API_URL;`n  if (typeof window !== "undefined") return...
    |                                                ^
  2 | ...
  3 | ...
  4 | ...c data?: unknown) {

Parsing ecmascript source code failed

Import traces:
  Client Component Browser:
    ./lib/api.ts [Client Component Browser]
    ./app/login/page.tsx [Client Component Browser]
    ./app/login/page.tsx [Server Component]

  Client Component SSR:
    ./lib/api.ts [Client Component SSR]
    ./app/login/page.tsx [Client Component SSR]
    ./app/login/page.tsx [Server Component] 
[browser] ./lib/api.ts:1:104
Expected ';', '}' or <eof>
> 1 | ...RL) return process.env.NEXT_PUBLIC_API_URL;`n  if (typeof window !== "undefined") return...
    |                                                ^
  2 | ...
  3 | ...
  4 | ...c data?: unknown) {

Parsing ecmascript source code failed

Import traces:
  #1 [Client Component Browser]:
    ./lib/api.ts [Client Component Browser]
    ./app/(protected)/dashboard/page.tsx [Client Component Browser]
    ./app/(protected)/dashboard/page.tsx [Server Component]

  #2 [Client Component SSR]:
    ./lib/api.ts [Client Component SSR]
    ./app/(protected)/dashboard/page.tsx [Client Component SSR]
    ./app/(protected)/dashboard/page.tsx [Server Component]

  #3 [Client Component Browser]:
    ./lib/api.ts [Client Component Browser]
    ./components/app-shell.tsx [Client Component Browser]
    ./components/app-shell.tsx [Server Component]
    ./app/(protected)/layout.tsx [Server Component]

  #4 [Client Component SSR]:
    ./lib/api.ts [Client Component SSR]
    ./components/app-shell.tsx [Client Component SSR]
    ./components/app-shell.tsx [Server Component]
    ./app/(protected)/layout.tsx [Server Component] 
[browser] ./lib/api.ts:1:104
Expected ';', '}' or <eof>
> 1 | ...RL) return process.env.NEXT_PUBLIC_API_URL;`n  if (typeof window !== "undefined") return...
    |                                                ^
  2 | ...
  3 | ...
  4 | ...c data?: unknown) {

Parsing ecmascript source code failed

Import traces:
  #1 [Client Component Browser]:
    ./lib/api.ts [Client Component Browser]
    ./app/(protected)/students/page.tsx [Client Component Browser]
    ./app/(protected)/students/page.tsx [Server Component]

  #2 [Client Component SSR]:
    ./lib/api.ts [Client Component SSR]
    ./app/(protected)/students/page.tsx [Client Component SSR]
    ./app/(protected)/students/page.tsx [Server Component]

  #3 [Client Component Browser]:
    ./lib/api.ts [Client Component Browser]
    ./components/app-shell.tsx [Client Component Browser]
    ./components/app-shell.tsx [Server Component]
    ./app/(protected)/layout.tsx [Server Component]

  #4 [Client Component SSR]:
    ./lib/api.ts [Client Component SSR]
    ./components/app-shell.tsx [Client Component SSR]
    ./components/app-shell.tsx [Server Component]
    ./app/(protected)/layout.tsx [Server Component] 
[browser] ./lib/api.ts:1:104
Expected ';', '}' or <eof>
> 1 | ...RL) return process.env.NEXT_PUBLIC_API_URL;`n  if (typeof window !== "undefined") return...
    |                                                ^
  2 | ...
  3 | ...
  4 | ...c data?: unknown) {

Parsing ecmascript source code failed

Import traces:
  #1 [Client Component Browser]:
    ./lib/api.ts [Client Component Browser]
    ./app/(protected)/student-accounts/page.tsx [Client Component Browser]
    ./app/(protected)/student-accounts/page.tsx [Server Component]

  #2 [Client Component SSR]:
    ./lib/api.ts [Client Component SSR]
    ./app/(protected)/student-accounts/page.tsx [Client Component SSR]
    ./app/(protected)/student-accounts/page.tsx [Server Component]

  #3 [Client Component Browser]:
    ./lib/api.ts [Client Component Browser]
    ./components/app-shell.tsx [Client Component Browser]
    ./components/app-shell.tsx [Server Component]
    ./app/(protected)/layout.tsx [Server Component]

  #4 [Client Component SSR]:
    ./lib/api.ts [Client Component SSR]
    ./components/app-shell.tsx [Client Component SSR]
    ./components/app-shell.tsx [Server Component]
    ./app/(protected)/layout.tsx [Server Component] 
[browser] ./lib/api.ts:1:104
Expected ';', '}' or <eof>
> 1 | ...RL) return process.env.NEXT_PUBLIC_API_URL;`n  if (typeof window !== "undefined") return...
    |                                                ^
  2 | ...
  3 | ...
  4 | ...c data?: unknown) {

Parsing ecmascript source code failed

Import traces:
  Client Component Browser:
    ./lib/api.ts [Client Component Browser]
    ./app/check-in/page.tsx [Client Component Browser]
    ./app/check-in/page.tsx [Server Component]

  Client Component SSR:
    ./lib/api.ts [Client Component SSR]
    ./app/check-in/page.tsx [Client Component SSR]
    ./app/check-in/page.tsx [Server Component] 
[browser] ./lib/api.ts:1:104
Expected ';', '}' or <eof>
> 1 | ...RL) return process.env.NEXT_PUBLIC_API_URL;`n  if (typeof window !== "undefined") return...
    |                                                ^
  2 | ...
  3 | ...
  4 | ...c data?: unknown) {

Parsing ecmascript source code failed

Import traces:
  #1 [Client Component Browser]:
    ./lib/api.ts [Client Component Browser]
    ./app/(protected)/attendance/page.tsx [Client Component Browser]
    ./app/(protected)/attendance/page.tsx [Server Component]

  #2 [Client Component SSR]:
    ./lib/api.ts [Client Component SSR]
    ./app/(protected)/attendance/page.tsx [Client Component SSR]
    ./app/(protected)/attendance/page.tsx [Server Component]

  #3 [Client Component Browser]:
    ./lib/api.ts [Client Component Browser]
    ./components/app-shell.tsx [Client Component Browser]
    ./components/app-shell.tsx [Server Component]
    ./app/(protected)/layout.tsx [Server Component]

  #4 [Client Component SSR]:
    ./lib/api.ts [Client Component SSR]
    ./components/app-shell.tsx [Client Component SSR]
    ./components/app-shell.tsx [Server Component]
    ./app/(protected)/layout.tsx [Server Component] 
[browser] ./lib/api.ts:1:104
Expected ';', '}' or <eof>
> 1 | ...RL) return process.env.NEXT_PUBLIC_API_URL;`n  if (typeof window !== "undefined") return...
    |                                                ^
  2 | ...
  3 | ...
  4 | ...c data?: unknown) {

Parsing ecmascript source code failed

Import traces:
  #1 [Client Component Browser]:
    ./lib/api.ts [Client Component Browser]
    ./app/(protected)/attendance-logs/page.tsx [Client Component Browser]
    ./app/(protected)/attendance-logs/page.tsx [Server Component]

  #2 [Client Component SSR]:
    ./lib/api.ts [Client Component SSR]
    ./app/(protected)/attendance-logs/page.tsx [Client Component SSR]
    ./app/(protected)/attendance-logs/page.tsx [Server Component]

  #3 [Client Component Browser]:
    ./lib/api.ts [Client Component Browser]
    ./components/app-shell.tsx [Client Component Browser]
    ./components/app-shell.tsx [Server Component]
    ./app/(protected)/layout.tsx [Server Component]

  #4 [Client Component SSR]:
    ./lib/api.ts [Client Component SSR]
    ./components/app-shell.tsx [Client Component SSR]
    ./components/app-shell.tsx [Server Component]
    ./app/(protected)/layout.tsx [Server Component] 
[browser] ./lib/api.ts:1:104
Expected ';', '}' or <eof>
> 1 | ...RL) return process.env.NEXT_PUBLIC_API_URL;`n  if (typeof window !== "undefined") return...
    |                                                ^
  2 | ...
  3 | ...
  4 | ...c data?: unknown) {

Parsing ecmascript source code failed

Import traces:
  #1 [Client Component Browser]:
    ./lib/api.ts [Client Component Browser]
    ./app/(protected)/leave-requests/page.tsx [Client Component Browser]
    ./app/(protected)/leave-requests/page.tsx [Server Component]

  #2 [Client Component SSR]:
    ./lib/api.ts [Client Component SSR]
    ./app/(protected)/leave-requests/page.tsx [Client Component SSR]
    ./app/(protected)/leave-requests/page.tsx [Server Component]

  #3 [Client Component Browser]:
    ./lib/api.ts [Client Component Browser]
    ./components/app-shell.tsx [Client Component Browser]
    ./components/app-shell.tsx [Server Component]
    ./app/(protected)/layout.tsx [Server Component]

  #4 [Client Component SSR]:
    ./lib/api.ts [Client Component SSR]
    ./components/app-shell.tsx [Client Component SSR]
    ./components/app-shell.tsx [Server Component]
    ./app/(protected)/layout.tsx [Server Component] 
[browser] ./lib/api.ts:1:104
Expected ';', '}' or <eof>
> 1 | ...RL) return process.env.NEXT_PUBLIC_API_URL;`n  if (typeof window !== "undefined") return...
    |                                                ^
  2 | ...
  3 | ...
  4 | ...c data?: unknown) {

Parsing ecmascript source code failed

Import traces:
  Client Component Browser:
    ./lib/api.ts [Client Component Browser]
    ./app/register/page.tsx [Client Component Browser]
    ./app/register/page.tsx [Server Component]

  Client Component SSR:
    ./lib/api.ts [Client Component SSR]
    ./app/register/page.tsx [Client Component SSR]
    ./app/register/page.tsx [Server Component] 
[browser] ./lib/api.ts:1:104
Expected ';', '}' or <eof>
> 1 | ...RL) return process.env.NEXT_PUBLIC_API_URL;`n  if (typeof window !== "undefined") return...
    |                                                ^
  2 | ...
  3 | ...
  4 | ...c data?: unknown) {

Parsing ecmascript source code failed

Import traces:
  Client Component Browser:
    ./lib/api.ts [Client Component Browser]
    ./app/login/page.tsx [Client Component Browser]
    ./app/login/page.tsx [Server Component]

  Client Component SSR:
    ./lib/api.ts [Client Component SSR]
    ./app/login/page.tsx [Client Component SSR]
    ./app/login/page.tsx [Server Component] 
⨯ ./lib/api.ts:1:104
Expected ';', '}' or <eof>
[31m[1m>[0m [90m1 |[0m ...[32mRL) return process.env.NEXT_PUBLIC_API_URL;`[0mn  [36mif[0m ([36mtypeof[0m window !== [32m"undefined"[0m) [36mreturn[0m.[32m..[0m
  [90m  |[0m                                                [31m[1m^[0m
  [90m2 |[0m ...
  [90m3 |[0m ...
  [90m4 |[0m ...[36mc[0m data?: unknown) {

Parsing ecmascript source code failed

Import traces:
  Client Component Browser:
    ./lib/api.ts [Client Component Browser]
    ./app/login/page.tsx [Client Component Browser]
    ./app/login/page.tsx [Server Component]

  Client Component SSR:
    ./lib/api.ts [Client Component SSR]
    ./app/login/page.tsx [Client Component SSR]
    ./app/login/page.tsx [Server Component]


[browser] Uncaught Error: ./lib/api.ts:1:104
Expected ';', '}' or <eof>
> 1 | ...RL) return process.env.NEXT_PUBLIC_API_URL;`n  if (typeof window !== "undefined") return...
    |                                                ^
  2 | ...
  3 | ...
  4 | ...c data?: unknown) {

Parsing ecmascript source code failed

Import traces:
  Client Component Browser:
    ./lib/api.ts [Client Component Browser]
    ./app/login/page.tsx [Client Component Browser]
    ./app/login/page.tsx [Server Component]

  Client Component SSR:
    ./lib/api.ts [Client Component SSR]
    ./app/login/page.tsx [Client Component SSR]
    ./app/login/page.tsx [Server Component]


    at <unknown> (Error: ./lib/api.ts:1:104)
    at <unknown> (Error: (./lib/api.ts:1:104)
[browser] ./lib/api.ts:1:104
Expected ';', '}' or <eof>
> 1 | ...RL) return process.env.NEXT_PUBLIC_API_URL;`n  if (typeof window !== "undefined") return...
    |                                                ^
  2 | ...
  3 | ...
  4 | ...c data?: unknown) {

Parsing ecmascript source code failed

Import traces:
  Client Component Browser:
    ./lib/api.ts [Client Component Browser]
    ./app/login/page.tsx [Client Component Browser]
    ./app/login/page.tsx [Server Component]

  Client Component SSR:
    ./lib/api.ts [Client Component SSR]
    ./app/login/page.tsx [Client Component SSR]
    ./app/login/page.tsx [Server Component] 
[browser] ./lib/api.ts:1:104
Expected ';', '}' or <eof>
> 1 | ...RL) return process.env.NEXT_PUBLIC_API_URL;`n  if (typeof window !== "undefined") return...
    |                                                ^
  2 | ...
  3 | ...
  4 | ...c data?: unknown) {

Parsing ecmascript source code failed

Import traces:
  #1 [Client Component Browser]:
    ./lib/api.ts [Client Component Browser]
    ./app/(protected)/dashboard/page.tsx [Client Component Browser]
    ./app/(protected)/dashboard/page.tsx [Server Component]

  #2 [Client Component SSR]:
    ./lib/api.ts [Client Component SSR]
    ./app/(protected)/dashboard/page.tsx [Client Component SSR]
    ./app/(protected)/dashboard/page.tsx [Server Component]

  #3 [Client Component Browser]:
    ./lib/api.ts [Client Component Browser]
    ./components/app-shell.tsx [Client Component Browser]
    ./components/app-shell.tsx [Server Component]
    ./app/(protected)/layout.tsx [Server Component]

  #4 [Client Component SSR]:
    ./lib/api.ts [Client Component SSR]
    ./components/app-shell.tsx [Client Component SSR]
    ./components/app-shell.tsx [Server Component]
    ./app/(protected)/layout.tsx [Server Component] 
[browser] ./lib/api.ts:1:104
Expected ';', '}' or <eof>
> 1 | ...RL) return process.env.NEXT_PUBLIC_API_URL;`n  if (typeof window !== "undefined") return...
    |                                                ^
  2 | ...
  3 | ...
  4 | ...c data?: unknown) {

Parsing ecmascript source code failed

Import traces:
  #1 [Client Component Browser]:
    ./lib/api.ts [Client Component Browser]
    ./app/(protected)/students/page.tsx [Client Component Browser]
    ./app/(protected)/students/page.tsx [Server Component]

  #2 [Client Component SSR]:
    ./lib/api.ts [Client Component SSR]
    ./app/(protected)/students/page.tsx [Client Component SSR]
    ./app/(protected)/students/page.tsx [Server Component]

  #3 [Client Component Browser]:
    ./lib/api.ts [Client Component Browser]
    ./components/app-shell.tsx [Client Component Browser]
    ./components/app-shell.tsx [Server Component]
    ./app/(protected)/layout.tsx [Server Component]

  #4 [Client Component SSR]:
    ./lib/api.ts [Client Component SSR]
    ./components/app-shell.tsx [Client Component SSR]
    ./components/app-shell.tsx [Server Component]
    ./app/(protected)/layout.tsx [Server Component] 
[browser] ./lib/api.ts:1:104
Expected ';', '}' or <eof>
> 1 | ...RL) return process.env.NEXT_PUBLIC_API_URL;`n  if (typeof window !== "undefined") return...
    |                                                ^
  2 | ...
  3 | ...
  4 | ...c data?: unknown) {

Parsing ecmascript source code failed

Import traces:
  #1 [Client Component Browser]:
    ./lib/api.ts [Client Component Browser]
    ./app/(protected)/student-accounts/page.tsx [Client Component Browser]
    ./app/(protected)/student-accounts/page.tsx [Server Component]

  #2 [Client Component SSR]:
    ./lib/api.ts [Client Component SSR]
    ./app/(protected)/student-accounts/page.tsx [Client Component SSR]
    ./app/(protected)/student-accounts/page.tsx [Server Component]

  #3 [Client Component Browser]:
    ./lib/api.ts [Client Component Browser]
    ./components/app-shell.tsx [Client Component Browser]
    ./components/app-shell.tsx [Server Component]
    ./app/(protected)/layout.tsx [Server Component]

  #4 [Client Component SSR]:
    ./lib/api.ts [Client Component SSR]
    ./components/app-shell.tsx [Client Component SSR]
    ./components/app-shell.tsx [Server Component]
    ./app/(protected)/layout.tsx [Server Component] 
[browser] ./lib/api.ts:1:104
Expected ';', '}' or <eof>
> 1 | ...RL) return process.env.NEXT_PUBLIC_API_URL;`n  if (typeof window !== "undefined") return...
    |                                                ^
  2 | ...
  3 | ...
  4 | ...c data?: unknown) {

Parsing ecmascript source code failed

Import traces:
  Client Component Browser:
    ./lib/api.ts [Client Component Browser]
    ./app/check-in/page.tsx [Client Component Browser]
    ./app/check-in/page.tsx [Server Component]

  Client Component SSR:
    ./lib/api.ts [Client Component SSR]
    ./app/check-in/page.tsx [Client Component SSR]
    ./app/check-in/page.tsx [Server Component] 
[browser] ./lib/api.ts:1:104
Expected ';', '}' or <eof>
> 1 | ...RL) return process.env.NEXT_PUBLIC_API_URL;`n  if (typeof window !== "undefined") return...
    |                                                ^
  2 | ...
  3 | ...
  4 | ...c data?: unknown) {

Parsing ecmascript source code failed

Import traces:
  #1 [Client Component Browser]:
    ./lib/api.ts [Client Component Browser]
    ./app/(protected)/attendance/page.tsx [Client Component Browser]
    ./app/(protected)/attendance/page.tsx [Server Component]

  #2 [Client Component SSR]:
    ./lib/api.ts [Client Component SSR]
    ./app/(protected)/attendance/page.tsx [Client Component SSR]
    ./app/(protected)/attendance/page.tsx [Server Component]

  #3 [Client Component Browser]:
    ./lib/api.ts [Client Component Browser]
    ./components/app-shell.tsx [Client Component Browser]
    ./components/app-shell.tsx [Server Component]
    ./app/(protected)/layout.tsx [Server Component]

  #4 [Client Component SSR]:
    ./lib/api.ts [Client Component SSR]
    ./components/app-shell.tsx [Client Component SSR]
    ./components/app-shell.tsx [Server Component]
    ./app/(protected)/layout.tsx [Server Component] 
[browser] ./lib/api.ts:1:104
Expected ';', '}' or <eof>
> 1 | ...RL) return process.env.NEXT_PUBLIC_API_URL;`n  if (typeof window !== "undefined") return...
    |                                                ^
  2 | ...
  3 | ...
  4 | ...c data?: unknown) {

Parsing ecmascript source code failed

Import traces:
  #1 [Client Component Browser]:
    ./lib/api.ts [Client Component Browser]
    ./app/(protected)/attendance-logs/page.tsx [Client Component Browser]
    ./app/(protected)/attendance-logs/page.tsx [Server Component]

  #2 [Client Component SSR]:
    ./lib/api.ts [Client Component SSR]
    ./app/(protected)/attendance-logs/page.tsx [Client Component SSR]
    ./app/(protected)/attendance-logs/page.tsx [Server Component]

  #3 [Client Component Browser]:
    ./lib/api.ts [Client Component Browser]
    ./components/app-shell.tsx [Client Component Browser]
    ./components/app-shell.tsx [Server Component]
    ./app/(protected)/layout.tsx [Server Component]

  #4 [Client Component SSR]:
    ./lib/api.ts [Client Component SSR]
    ./components/app-shell.tsx [Client Component SSR]
    ./components/app-shell.tsx [Server Component]
    ./app/(protected)/layout.tsx [Server Component] 
[browser] ./lib/api.ts:1:104
Expected ';', '}' or <eof>
> 1 | ...RL) return process.env.NEXT_PUBLIC_API_URL;`n  if (typeof window !== "undefined") return...
    |                                                ^
  2 | ...
  3 | ...
  4 | ...c data?: unknown) {

Parsing ecmascript source code failed

Import traces:
  #1 [Client Component Browser]:
    ./lib/api.ts [Client Component Browser]
    ./app/(protected)/leave-requests/page.tsx [Client Component Browser]
    ./app/(protected)/leave-requests/page.tsx [Server Component]

  #2 [Client Component SSR]:
    ./lib/api.ts [Client Component SSR]
    ./app/(protected)/leave-requests/page.tsx [Client Component SSR]
    ./app/(protected)/leave-requests/page.tsx [Server Component]

  #3 [Client Component Browser]:
    ./lib/api.ts [Client Component Browser]
    ./components/app-shell.tsx [Client Component Browser]
    ./components/app-shell.tsx [Server Component]
    ./app/(protected)/layout.tsx [Server Component]

  #4 [Client Component SSR]:
    ./lib/api.ts [Client Component SSR]
    ./components/app-shell.tsx [Client Component SSR]
    ./components/app-shell.tsx [Server Component]
    ./app/(protected)/layout.tsx [Server Component] 
[browser] ./lib/api.ts:1:104
Expected ';', '}' or <eof>
> 1 | ...RL) return process.env.NEXT_PUBLIC_API_URL;`n  if (typeof window !== "undefined") return...
    |                                                ^
  2 | ...
  3 | ...
  4 | ...c data?: unknown) {

Parsing ecmascript source code failed

Import traces:
  Client Component Browser:
    ./lib/api.ts [Client Component Browser]
    ./app/register/page.tsx [Client Component Browser]
    ./app/register/page.tsx [Server Component]

  Client Component SSR:
    ./lib/api.ts [Client Component SSR]
    ./app/register/page.tsx [Client Component SSR]
    ./app/register/page.tsx [Server Component] 
[browser] ./lib/api.ts:1:104
Expected ';', '}' or <eof>
> 1 | ...RL) return process.env.NEXT_PUBLIC_API_URL;`n  if (typeof window !== "undefined") return...
    |                                                ^
  2 | ...
  3 | ...
  4 | ...c data?: unknown) {

Parsing ecmascript source code failed

Import traces:
  Client Component Browser:
    ./lib/api.ts [Client Component Browser]
    ./app/login/page.tsx [Client Component Browser]
    ./app/login/page.tsx [Server Component]

  Client Component SSR:
    ./lib/api.ts [Client Component SSR]
    ./app/login/page.tsx [Client Component SSR]
    ./app/login/page.tsx [Server Component] 
[browser] Detected `scroll-behavior: smooth` on the `<html>` element. To disable smooth scrolling during route transitions, add `data-scroll-behavior="smooth"` to your <html> element. Learn more: https://nextjs.org/docs/messages/missing-data-scroll-behavior
[browser] Detected `scroll-behavior: smooth` on the `<html>` element. To disable smooth scrolling during route transitions, add `data-scroll-behavior="smooth"` to your <html> element. Learn more: https://nextjs.org/docs/messages/missing-data-scroll-behavior
[browser] Detected `scroll-behavior: smooth` on the `<html>` element. To disable smooth scrolling during route transitions, add `data-scroll-behavior="smooth"` to your <html> element. Learn more: https://nextjs.org/docs/messages/missing-data-scroll-behavior
[browser] Detected `scroll-behavior: smooth` on the `<html>` element. To disable smooth scrolling during route transitions, add `data-scroll-behavior="smooth"` to your <html> element. Learn more: https://nextjs.org/docs/messages/missing-data-scroll-behavior
[browser] Detected `scroll-behavior: smooth` on the `<html>` element. To disable smooth scrolling during route transitions, add `data-scroll-behavior="smooth"` to your <html> element. Learn more: https://nextjs.org/docs/messages/missing-data-scroll-behavior
[browser] Detected `scroll-behavior: smooth` on the `<html>` element. To disable smooth scrolling during route transitions, add `data-scroll-behavior="smooth"` to your <html> element. Learn more: https://nextjs.org/docs/messages/missing-data-scroll-behavior
[browser] Detected `scroll-behavior: smooth` on the `<html>` element. To disable smooth scrolling during route transitions, add `data-scroll-behavior="smooth"` to your <html> element. Learn more: https://nextjs.org/docs/messages/missing-data-scroll-behavior
[browser] Detected `scroll-behavior: smooth` on the `<html>` element. To disable smooth scrolling during route transitions, add `data-scroll-behavior="smooth"` to your <html> element. Learn more: https://nextjs.org/docs/messages/missing-data-scroll-behavior
[browser] Detected `scroll-behavior: smooth` on the `<html>` element. To disable smooth scrolling during route transitions, add `data-scroll-behavior="smooth"` to your <html> element. Learn more: https://nextjs.org/docs/messages/missing-data-scroll-behavior
[browser] Detected `scroll-behavior: smooth` on the `<html>` element. To disable smooth scrolling during route transitions, add `data-scroll-behavior="smooth"` to your <html> element. Learn more: https://nextjs.org/docs/messages/missing-data-scroll-behavior
[browser] Detected `scroll-behavior: smooth` on the `<html>` element. To disable smooth scrolling during route transitions, add `data-scroll-behavior="smooth"` to your <html> element. Learn more: https://nextjs.org/docs/messages/missing-data-scroll-behavior
